SNP	nsnp	beta	se	p
9:97775173	212	0.011878432123067039	0.01805215671731934	0.5105341087719316
6:32668717	212	0.008582133572466035	0.017645148865212748	0.6267023451598458
12:111446804	212	0.007678514711430027	0.017433536234624528	0.6596148037570837
6:31114212	212	0.009845140430040198	0.01790755704652196	0.5824732001173415
1:107827250	212	0.012904043777968709	0.01777865306564973	0.46795113124955906
2:203835966	212	0.010175707444449542	0.017896944737803174	0.5696464118219229
6:33086596	212	0.013410411099422944	0.017714578364598974	0.44903378875176775
1:113738095	212	0.012111329821112555	0.017842896904443642	0.49727981584662784
2:1403856	212	0.01302011282825991	0.017761687253143567	0.46353109370277146
3:188405190	212	0.009343421532412601	0.0177747848951255	0.5991272713835574
4:148725386	212	0.012285036262214208	0.01782914023586875	0.4907964910226496
5:77236746	212	0.011246281613820557	0.01784497128544549	0.528549782840148
6:90280331	212	0.012410330470600481	0.017795899823604713	0.48557113707725874
12:9772740	212	0.012151158384974005	0.01780671214184522	0.4949910961949944
22:37195278	212	0.01134991487726739	0.017835166706439906	0.5245298150689589
13:24212247	212	0.010305247110885674	0.017815558978340407	0.5629665199188967
11:95578258	212	0.010274971356030905	0.017808018378184482	0.5639491381736752
6:166972858	212	0.010355577813905533	0.01781458365817388	0.5610397810325808
2:191060698	212	0.011759792277132596	0.017803763399475245	0.5089183694839279
10:62029259	212	0.010434076985091526	0.017806063710522634	0.5578859443774349
6:32212464	212	0.012345734181609473	0.01779172714563138	0.4877429948572881
1:19522556	212	0.013041871437835372	0.017727024136041856	0.46190986342095663
2:12504610	212	0.012069678424214397	0.01778314310946629	0.4973187291474991
12:56023144	212	0.010716505357838907	0.017800284708449493	0.5471466908893896
9:124327496	212	0.011891059501461597	0.017789143874592524	0.5038497501682186
8:8462781	212	0.013449931283951751	0.017687683136646693	0.4470081912660839
6:165630374	212	0.011944883205191548	0.017796664984357922	0.5021016588811567
6:43838598	212	0.010153470694285661	0.017790023279875024	0.5681761740904245
19:4837475	212	0.013155115841023399	0.017707272053597397	0.4575291148826969
10:6064303	212	0.010814225003106092	0.017798343400230964	0.543454606589699
8:132856746	212	0.011809390384825558	0.01779033631902392	0.5068123839344127
17:47730181	212	0.00921550687016363	0.017724071429614678	0.6031033038749374
6:148216600	212	0.012336377716889783	0.01774965829879738	0.487042407512311
3:12188938	212	0.011138383900249538	0.017795235106983748	0.5313677715615767
11:35249307	212	0.010131321306066114	0.017771766274041804	0.5686237146473794
4:186090335	212	0.012210053047245002	0.01776525078882195	0.4918938343068717
17:42137394	212	0.009633269579993695	0.0177475120257822	0.5872706151458187
5:103269232	212	0.010521622578268329	0.017782841396940963	0.5540697510192086
5:134088103	212	0.011467865848057835	0.0177883126439055	0.5191310651474161
9:21559962	212	0.010523883408133013	0.017778294198133107	0.5538832360037385
17:7331664	212	0.013214283417553825	0.017678293090372978	0.45477001741938844
4:10721634	212	0.010998600008250826	0.01778874898186028	0.5363844000051506
4:26086506	212	0.01269234562076878	0.017735227523677427	0.47420296292508696
14:93097746	212	0.012588495493599727	0.01774365114580834	0.4780361023667593
6:412802	212	0.009644086905176649	0.017739372013988952	0.5866793460913011
8:140601810	212	0.01035397027266276	0.017772176748101675	0.5601663903996341
5:77180867	212	0.013169387994774863	0.017700576245876547	0.45687103157667575
10:62295039	212	0.012295718646467647	0.017748197467701718	0.4884432964781431
13:42452525	212	0.0117878524396833	0.01777174159751252	0.5071436164330567
19:18277573	212	0.012531003773989018	0.017740089569860187	0.4799602904354227
3:106209750	212	0.01051548582111163	0.01777552636211953	0.5541379012173829
20:22607038	212	0.009520893103673878	0.017736531071304382	0.5914087620241831
22:30027471	212	0.013358843575788981	0.0176567420530281	0.4492979404902906
8:60598807	212	0.010322041071677123	0.017763751366129198	0.5611910737636245
10:99518567	212	0.012083089456646559	0.0177552134254299	0.4961641536478566
5:35841347	212	0.00931450606312975	0.017697526604028967	0.5986680929084282
11:116889769	212	0.01040370913170985	0.017744434399785583	0.5576683557391773
1:207002810	212	0.010213879043824713	0.017755653315599924	0.5651245367642811
1:37895543	212	0.01332707637631726	0.017656784735132405	0.45037799175914245
16:50715576	212	0.01200977921284957	0.017720844399194056	0.49794893716705396
15:38564760	212	0.009056767080190008	0.017674567145703642	0.6083584670008892
1:167463819	212	0.011745054413541685	0.01776394038550992	0.5085007730630301
14:68261762	212	0.010406035965775925	0.017765821536137056	0.5580546508308382
4:40317629	212	0.010230263296477606	0.017752217810636763	0.5644253597478359
14:80798913	212	0.009807768876922291	0.017729361954611122	0.5801308755072256
12:103495253	212	0.009818333549127301	0.017730202388720955	0.579740918754605
1:2562891	212	0.010790175385300136	0.01771239637108731	0.5423999806305542
14:36269155	212	0.012885982601044704	0.017661135004259403	0.46562023369874006
18:79427165	212	0.010442629673828745	0.017753891159278723	0.5564059621079271
1:200788840	212	0.01160237541120317	0.017760451815701874	0.513582045924597
9:4289196	212	0.011954594409545292	0.01774732901489893	0.5005658830388663
2:162272314	212	0.010844930984060083	0.01776410521766451	0.541532703118266
3:39265671	212	0.012189538665709567	0.017732090175229812	0.49181293796296177
1:156815190	212	0.010088089163567392	0.01772705997054271	0.5693028504424831
1:19444935	212	0.011941256831599243	0.017748010032637623	0.5010603524379889
10:122389836	212	0.010484279685997543	0.017751235606833782	0.5547733655773903
11:584591	212	0.01084369643545472	0.017768419696620127	0.5416768925070362
10:8534506	212	0.01055489444663764	0.017746841736252326	0.5520120888508753
10:6350045	212	0.010257561874512695	0.017746439150280482	0.5632595522536853
16:67540505	212	0.012999154559619036	0.017667173473581644	0.4618645373284493
7:129081723	212	0.008862370732804482	0.017626795312450153	0.615120129943478
5:139474618	212	0.00905159534487319	0.017643488956005354	0.6079320718473826
13:110555308	212	0.010516596184937988	0.017751773669202487	0.553565966631029
6:135610145	212	0.010197350841245002	0.01773569561948775	0.5653170040504976
3:36964905	212	0.008334823542843602	0.01757306553096763	0.635289295778346
18:69861194	212	0.011241830221126776	0.01775938908929384	0.526728608054798
4:122464009	212	0.011234403876651727	0.017718170666158255	0.5260409078697581
7:26851481	212	0.013213041360362101	0.01766068479648416	0.4543628549913012
8:128204897	212	0.010909672983437124	0.017758427875522332	0.5389921485177677
9:98243353	212	0.011095754316497466	0.017755535426453653	0.5320248546283779
4:87011493	212	0.010883289656786232	0.01775456379222361	0.539885946254937
7:4729399	212	0.0097173687685964	0.017700323526139393	0.583009669983698
6:135142809	212	0.011576327078812614	0.017755216405202917	0.5144038616915054
3:185816694	212	0.014322615409678705	0.0175072156756475	0.4133013195180979
3:108745350	212	0.012323983286716203	0.01771914607978952	0.4867307968658587
7:77538960	212	0.010620413690279466	0.017743978193286134	0.5494821966294501
2:55643692	212	0.011631073355211977	0.017775892386964073	0.5129074225681086
1:218391982	212	0.00965429956561384	0.017706224076798373	0.5855823296334453
5:72712465	212	0.011643535509333601	0.01774891831669859	0.511815239333594
11:10593441	212	0.010637695764441592	0.01772471700365569	0.5483984956105004
13:99384701	212	0.011829142622954657	0.017688362109324465	0.503653146457607
8:118920272	212	0.010013180957748741	0.01772329185381095	0.572092144833801
18:26070118	212	0.009794455908193094	0.017694196576212965	0.5798932984594949
14:98220085	212	0.011714652444873856	0.017738211362123092	0.5089849596803611
6:43937043	212	0.011440327201877199	0.01775010776478005	0.5192372794765165
18:12783087	212	0.011199132202577445	0.01774841041458397	0.5280447525500975
5:157186630	212	0.011478188138994688	0.017745574981094272	0.5177486170825101
6:29839913	212	0.011136962022390402	0.01776736053481443	0.5307763061133954
7:6395481	212	0.011800410266732692	0.01773967185775985	0.5059232817902987
15:63368330	212	0.010580089228750731	0.017742651928648018	0.5509693392509182
18:59512767	212	0.009686560259312757	0.017696005724252332	0.584113009806392
2:161192690	212	0.00993287064927903	0.017693874513504168	0.5745430076204363
11:61813896	212	0.006754565183389001	0.01731392040123021	0.6964453136076603
21:42415901	212	0.01115397769910034	0.017753250506435288	0.5298218049344379
19:7234009	212	0.012814464266435448	0.017676464542150074	0.4684857837687334
15:88572534	212	0.010979263031605358	0.01774466846576119	0.5360903699981103
1:64976332	212	0.011153176511289649	0.01776527582674366	0.5301299377367015
17:75761755	212	0.010643471613005863	0.017747263493849884	0.5486897489691558
11:118719298	212	0.01303932780045519	0.01765478317883498	0.4601669566274319
3:119474763	212	0.012105995379774909	0.017711662790415927	0.4942883159349186
16:79601052	212	0.012542021507461072	0.01769689993169358	0.47850264967777106
1:109817198	212	0.012730040913434729	0.01767523646593085	0.4713901749588989
7:37356699	212	0.011152725955229465	0.01774799576855769	0.5297461654646372
9:97592093	212	0.011899560243178078	0.017733443858341948	0.5022054628274097
3:149500029	212	0.009886942631397009	0.017701947175309794	0.5764873808908905
21:15423099	212	0.010396149903196953	0.01773692055582209	0.5577878295107596
1:25026701	212	0.00999418437150202	0.01771290818279468	0.572596453800682
2:203954383	212	0.012332088210242993	0.01771367737872439	0.4863097378079888
2:190325879	212	0.011579064439053328	0.0177440378611981	0.514039431483309
6:109032013	212	0.012321429310179936	0.017701851740318388	0.48639555750849234
2:97756543	212	0.011871511849872039	0.017736460096808463	0.5032861799267588
16:2698698	212	0.009744265925291143	0.017694657751442962	0.5818464005069088
16:50337699	212	0.011593935065799586	0.017740005065522545	0.5134034099363977
2:62317215	212	0.012205282294016379	0.017716460230517213	0.49087153423172736
2:173929212	212	0.011998459860784452	0.017724967842825852	0.49845404230167545
12:12419614	212	0.013505122525920057	0.017580578006898044	0.4423777496846306
10:6424318	212	0.010450061231606656	0.01773017771755534	0.555596967763403
9:125361055	212	0.011879835312811863	0.017731416940772248	0.5028654852302379
6:166929653	212	0.013327583055495829	0.0176290117738652	0.4496474899616557
1:77621033	212	0.010795185084059616	0.01772187543510737	0.5424285839358256
2:241255979	212	0.00930532981788853	0.017649866418514813	0.5980421101122793
7:139764997	212	0.010065420601680523	0.0177165731046047	0.5699427157058222
11:128293562	212	0.01148290271590096	0.017737567578109858	0.5173876338552276
10:88031929	212	0.010660811248318301	0.01774443563490522	0.5479749190090744
22:38679140	212	0.013385797714563994	0.017604201070138936	0.44703034961889415
16:79275083	212	0.01033152272271548	0.017731650598830726	0.5601222365880962
8:32562536	212	0.010962007795293317	0.017741905033570187	0.5366678381882823
1:38187120	212	0.012164375028533346	0.017713660586848694	0.492257411025088
12:642587	212	0.01157860762731499	0.01774157752857517	0.5139976794020429
7:100761494	212	0.010661081362318744	0.017730171798067955	0.547642854017792
11:64347665	212	0.009108422987517921	0.017619524295133308	0.6051906704122396
20:17885193	212	0.01111716663823374	0.017742395036646885	0.5309295278764712
2:43274831	212	0.010989597480195607	0.017742460140546396	0.5356559373346852
1:8492159	212	0.01359178705168322	0.01757720793178869	0.43936733688940877
17:29611406	212	0.01057404422705689	0.017730954554608422	0.5509342978432674
9:128807995	212	0.012789704526768232	0.017693037588418406	0.46976189384675965
9:107836985	212	0.010688458042519564	0.01773872301378586	0.5468084480031885
1:168706733	212	0.010075037142437413	0.017706428064142226	0.5693530901137569
1:206469763	212	0.01065536128614713	0.017736730176963804	0.5480057361881392
3:12538784	212	0.01218486039239194	0.017707362008310523	0.49137471171053143
4:108081403	212	0.01069536061902263	0.017735476952941594	0.546476130889049
22:39346401	212	0.01118634343690942	0.01774213419911608	0.5283701635279979
12:42324211	212	0.011195115400987155	0.017741002127637715	0.5280205099374877
3:71431976	212	0.008991045919125848	0.017599862590268325	0.6094498830965478
11:86351555	212	0.010931291933651461	0.01773521841953655	0.5376564742398035
14:34756756	212	0.011333542393199789	0.01773440433977943	0.5227767857467798
2:144668451	212	0.009667449038412957	0.01771201959430599	0.5851945449307427
17:61267278	212	0.011289413717928977	0.017750300734889344	0.5247682537451583
11:47402849	212	0.012143663900148502	0.017706195780693105	0.4928123500418255
5:112114870	212	0.011504066022873297	0.017728803421229504	0.5164086485731295
19:48700572	212	0.011973988224902931	0.017713240042507492	0.49904645330068903
21:31205873	212	0.010857304580210017	0.01773990729311117	0.5405198067154311
19:55276501	212	0.011522961185073885	0.017732851464914677	0.5158157975217924
16:14306156	212	0.010294173867055683	0.01771457967750919	0.5611642471233942
2:962431	212	0.00991651824112113	0.017696803153404807	0.5752363130942677
12:123517752	212	0.012009374398831872	0.017702143824490323	0.49750951426565454
13:50199350	212	0.010974614778367975	0.017738857807773505	0.536129482494732
3:48958054	212	0.01245623493502859	0.017685758801173505	0.4812405091858146
6:148330782	212	0.013124121587402282	0.017610461680422535	0.4561231748671971
16:3969349	212	0.01146640206705507	0.017729976161567393	0.5178105521553993
15:85511035	212	0.01056255464035454	0.01772765489729368	0.5512930956985407
19:18190554	212	0.01201237942650509	0.01771714716481286	0.4977661945804275
12:96190080	212	0.011107466538633497	0.01772202210503087	0.5308161245776286
3:160601211	212	0.01112595897855542	0.017735521067537573	0.5304453609168382
4:38635151	212	0.011146749168291552	0.017738064202345506	0.5297364127013973
11:27484503	212	0.009867581066562265	0.01768641536944792	0.5768999325507556
10:88013265	212	0.009675299016690762	0.01766998721171575	0.5839971390447654
17:48795053	212	0.01042210971474161	0.017715755728099608	0.556333573819553
14:104735259	212	0.012319362991430593	0.017690060766322877	0.48617819763779646
14:36204186	212	0.01137144548553128	0.017734542695682903	0.5213906723613547
19:33251720	212	0.009635343515496768	0.01765643976440525	0.5852634367895921
6:158927335	212	0.010722805030328178	0.01773116998711307	0.5453496186023816
20:48759323	212	0.01068885520511947	0.017726445104290167	0.5465158644210634
11:72785678	212	0.011390544130014262	0.017735878967228565	0.5207227375897465
8:133050512	212	0.012081847652116774	0.01770459863572641	0.4949778598500914
2:241058698	212	0.012332083103605057	0.01768467683400108	0.4855953280145421
9:114929033	212	0.011135011347356767	0.017713109731600684	0.5295906062965067
10:101969833	212	0.011747719597678709	0.017725128134616387	0.5074765537502294
20:33064603	212	0.010526592723782388	0.017697907840699887	0.5519818085103081
10:50350181	212	0.01031571509170406	0.017706514412116663	0.5601664159968369
5:10583425	212	0.010686576661101439	0.01772584929083956	0.5465878972564875
1:212847437	212	0.011045144071918405	0.01773712369359179	0.5334728950396015
16:31429873	212	0.011875345576403174	0.017714373614086967	0.5026161638872602
1:39941043	212	0.011299934952221305	0.017731611093844378	0.5239449061406452
2:33476565	212	0.013798057932387555	0.017498699728511872	0.43039316527780747
17:39713625	212	0.012176372319105313	0.01763333892300885	0.48986013818181884
18:58839212	212	0.009840202509148426	0.01767281915647501	0.5776649807854273
7:80370659	212	0.010498244166364053	0.01773099728329491	0.5537941754373792
17:82563216	212	0.010586167813245098	0.01771058032589085	0.5500192516930287
1:173415688	212	0.011703111911055388	0.017722643482645444	0.5090305434650046
15:65457342	212	0.009900042471810018	0.017680200869955556	0.57551300283305
1:101269957	212	0.011404001324704694	0.01773300339087198	0.5201626230022641
13:74127599	212	0.011612766797194815	0.017724578276177055	0.5123526830532341
