trait	trait_cn	overlap	method	nsnp	beta	se	or	p	note
hypo	甲减	VALID	IVW(固定效应)	216	0.013008	0.026585	1.013093	0.6246	
hypo	甲减	VALID	IVW(随机效应 DL)	216	0.035256	0.034172	1.035885	0.3022	Q=280.67 df=215 Q_p=0.00173 tau2=0.04725
hypo	甲减	VALID	MR-Egger	216	0.013171	0.030453	1.013258	0.6654	intercept=-0.000381 p=0.839
hypo	甲减	VALID	加权中位数	216	-0.106047	0.045422	0.899383	0.01956	bootstrap se 2000
hypo	甲减	VALID	加权众数	216	-0.154648	0.038251	0.856717	5.277e-05	bootstrap se 500
hypo	甲减	VALID	MR-PRESSO等价	216				0.001732	未检出离群位点
hypo	甲减	VALID	符号一致性	216				1	正 108 / 负 108
hypo	甲减	VALID	方向性(R²对比)	216					R2X=0.0572 R2Y=0.01623 nR2X=23447 nR2Y=281 → forward (X->Y)
tsh	TSH	VALID	IVW(固定效应)	251	-0.059855	0.045161	0.941901	0.185	
tsh	TSH	VALID	IVW(随机效应 DL)	251	-0.023495	0.059047	0.976779	0.6907	Q=307.21 df=250 Q_p=0.00787 tau2=0.1194
tsh	TSH	VALID	MR-Egger	251	-0.058246	0.050125	0.943418	0.2452	intercept=0.001493 p=0.394
tsh	TSH	VALID	加权中位数	251	-0.15534	0.083447	0.856124	0.06267	bootstrap se 2000
tsh	TSH	VALID	加权众数	251	-0.151667	0.062618	0.859274	0.01543	bootstrap se 500
tsh	TSH	VALID	MR-PRESSO等价	251				0.007867	离群 1 个, 校正beta=-0.048596 p=0.3823, distortion p=0.757
tsh	TSH	VALID	符号一致性	251				0.6137	正 121 / 负 130
tsh	TSH	VALID	方向性(R²对比)	251					R2X=0.1029 R2Y=0.01785 nR2X=49690 nR2Y=309 → forward (X->Y)
ft4	FT4	VALID	IVW(固定效应)	65	0.116821	0.096451	1.123918	0.2258	
ft4	FT4	VALID	IVW(随机效应 DL)	65	0.16291	0.117123	1.17693	0.1642	Q=82.58 df=64 Q_p=0.0589 tau2=0.1794
ft4	FT4	VALID	MR-Egger	65	0.125956	0.110822	1.134233	0.2557	intercept=0.00236 p=0.493
ft4	FT4	VALID	加权中位数	65	-0.008803	0.182192	0.991236	0.9615	bootstrap se 2000
ft4	FT4	VALID	加权众数	65	-0.052939	0.227322	0.948438	0.8159	bootstrap se 500
ft4	FT4	VALID	MR-PRESSO等价	65				0.05894	未检出离群位点
ft4	FT4	VALID	符号一致性	65				0.457	正 36 / 负 29
ft4	FT4	VALID	方向性(R²对比)	65					R2X=0.02367 R2Y=0.004856 nR2X=4532 nR2Y=84 → forward (X->Y)
