H0	H1	H2	H3	H4	H4_p12_1e4	H4_p12_1e6	H4_sd020	assembly	chr	m_pos	m_rs	mhc	n	n_out_region	outcome	outcome_label	pos	region	rs	verdict
0.0	0.9585549478316576	0.0	0.028123204569649434	0.01332184759866847	0.11895604702234121	0.0013483510341547446	0.010115087393606096	GRCh38	9	10	1072	0	974	5687	cad_nouk	CAD (Nikpay2015; GCST003116)	97775173	R01	rs10983700	仅一方有关联
0.0	0.9518509107942665	0.0	0.03690026246636881	0.01124882673937258	0.10214696571972426	0.0011363873963748565	0.008536932462354431	GRCh37 → 仅 rsID	9	0	2349	0	1128	2349	mvp_meta	PAD (MVP trans-ancestry meta)	97775173	R01	rs10983700	仅一方有关联
0.0	0.9483963528251736	0.0	0.022279544850831157	0.029324102323932854	0.23200972974312573	0.0030118993527213276	0.022506945906506096	GRCh38	9	7	852	0	775	4355	is_sv	IS-SV (MEGASTROKE; GCST005841)	97775173	R01	rs10983700	仅一方有关联
0.0	0.932025048598333	0.0	0.041035176156371325	0.026939775245286478	0.21682644998452433	0.0027609181884494342	0.0207280584026875	GRCh38	9	8	1018	0	951	5246	is_laa	IS-LAA (MEGASTROKE; GCST005840)	97775173	R01	rs10983700	仅一方有关联
2.1635282930601278e-306	0.8128130494044483	4.510691419121448e-307	0.16944381921836726	0.017743131377188713	0.15299915655388	0.0018031066195935083	0.01394370364883461	GRCh38	6	82	4407	1	4064	22610	cad_nouk	CAD (Nikpay2015; GCST003116)	32668717	R02	rs9274662	仅一方有关联
1.308085336493341e-308	0.004914302300978471	1.1801679995675755e-306	0.44282112659951406	0.5522645710994686	0.9250072284483741	0.1098024694236992	0.5454086973522843	GRCh37 → 仅 rsID	6	0	5265	1	3237	5265	mvp_meta	PAD (MVP trans-ancestry meta)	32668717	R02	rs9274662	H4 倾向共享（中等）
2.274675202141788e-306	0.854565162379294	3.4589680649945353e-307	0.12993331945388034	0.015501518166886394	0.13603626409573666	0.0015720845440966977	0.012014012966481155	GRCh38	6	36	2278	1	2116	11989	is_sv	IS-SV (MEGASTROKE; GCST005841)	32668717	R02	rs9274662	仅一方有关联
1.0101978584932846e-306	0.3795198817124738	1.5786959319041208e-306	0.5930707528399451	0.027409365447595778	0.21985811234499872	0.0028102612752257004	0.02346750530467906	GRCh38	6	74	4191	1	3901	21196	is_laa	IS-LAA (MEGASTROKE; GCST005840)	32668717	R02	rs9274662	H3 倾向独立（中等）
3.0281817761604534e-246	1.2629850902736464e-06	3.3649826668613487e-243	0.0004038621337875307	0.9995948748811407	0.9999594727113617	0.9959634665211796	0.9995953704029664	GRCh38	12	5	631	0	565	3169	cad_nouk	CAD (Nikpay2015; GCST003116)	111446804	R03	rs3184504	H4 共享因果变异（强）
6.291424004804734e-244	0.00026240084981731497	1.7617427881485382e-242	0.006354441506799074	0.9933831576433668	0.999334351723585	0.9375505404931391	0.9932939611566824	GRCh37 → 仅 rsID	12	0	1674	0	610	1674	mvp_meta	PAD (MVP trans-ancestry meta)	111446804	R03	rs3184504	H4 共享因果变异（强）
7.352245145329691e-243	0.0030664526389039917	1.3295778279914388e-242	0.004552983278773921	0.9923805640823481	0.9992327953079289	0.9286953516142712	0.9917041817107307	GRCh38	12	4	394	0	303	1986	is_sv	IS-SV (MEGASTROKE; GCST005841)	111446804	R03	rs3184504	H4 共享因果变异（强）
4.714791238840597e-243	0.0019664311717636357	1.9492614242003207e-242	0.0071390272986717645	0.9908945415295469	0.9990819306548606	0.9158420830549324	0.9901815643602042	GRCh38	12	6	576	0	511	2825	is_laa	IS-LAA (MEGASTROKE; GCST005840)	111446804	R03	rs3184504	H4 共享因果变异（强）
3.0283276161293996e-134	0.9494240689974492	7.31633035991968e-136	0.022910077419130283	0.027665853583403035	0.22150532966735398	0.002837230317020105	0.021143721319319856	GRCh38	1	13	1007	0	889	5675	cad_nouk	CAD (Nikpay2015; GCST003116)	107827250	R04	rs17020141	仅一方有关联
2.9350818937300403e-134	0.920190199879233	9.43893488092971e-136	0.029542144717430056	0.05026765540333686	0.34609850883420534	0.005264956874423075	0.03881111560108689	GRCh37 → 仅 rsID	1	0	2147	0	955	2147	mvp_meta	PAD (MVP trans-ancestry meta)	107827250	R04	rs17020141	仅一方有关联
2.831480313000345e-134	0.8877096208933059	3.1077844116293715e-135	0.09741861944983346	0.014871759656836002	0.13116209605130572	0.0015073512344328961	0.011508276980526174	GRCh38	1	7	744	0	682	4096	is_sv	IS-SV (MEGASTROKE; GCST005841)	107827250	R04	rs17020141	仅一方有关联
2.5729877402470817e-134	0.8066684980894595	1.5353770984842397e-135	0.04799092990693252	0.14534057200358505	0.6297074072085654	0.01672131400877772	0.11896075053264377	GRCh38	1	8	924	0	865	5175	is_laa	IS-LAA (MEGASTROKE; GCST005840)	107827250	R04	rs17020141	仅一方有关联
3.282995855302601e-145	6.178115979355286e-13	5.313911014734702e-133	0.9999999999993455	8.39107974752999e-15	8.391079747529441e-14	8.39107974753054e-16	7.088787890641701e-15	GRCh38	2	11	917	0	826	4770	cad_nouk	CAD (Nikpay2015; GCST003116)	203835966	R05	rs12990970	H3 独立因果变异·LD 相关（强）
5.09213903483614e-133	0.9582657708631261	1.4994032136212253e-134	0.02820303489922254	0.01353119423763675	0.1206224501542592	0.0013698009623634292	0.010285115713908628	GRCh37 → 仅 rsID	2	0	2029	0	879	2029	mvp_meta	PAD (MVP trans-ancestry meta)	203835966	R05	rs12990970	仅一方有关联
4.697178246122942e-134	0.08839399517785065	4.837359462699745e-133	0.9103187104028025	0.001287294419349334	0.01272551088122629	0.00012887875634837412	0.0010137911163891683	GRCh38	2	8	590	0	553	3102	is_sv	IS-SV (MEGASTROKE; GCST005841)	203835966	R05	rs12990970	H3 独立因果变异·LD 相关（强）
4.419686926667925e-133	0.8317201613670013	7.128390228987671e-134	0.13411166545514583	0.0341681731778492	0.2613217503795281	0.003525222695376384	0.02669864081402966	GRCh38	2	9	840	0	788	4341	is_laa	IS-LAA (MEGASTROKE; GCST005840)	203835966	R05	rs12990970	仅一方有关联
9.889250062347902e-121	0.8926498329228947	3.148604958411319e-122	0.028341768428170714	0.07900839864892563	0.4617469807318609	0.008505656321791056	0.06127202716404962	GRCh38	1	11	1001	0	904	5081	cad_nouk	CAD (Nikpay2015; GCST003116)	113738095	R06	rs2273758	仅一方有关联
1.0514316379743198e-120	0.9490712339665414	3.3326664535714333e-122	0.03006133429450558	0.02086743173894066	0.17568033988549972	0.002126683759252996	0.015878358365265226	GRCh37 → 仅 rsID	1	0	2186	0	969	2186	mvp_meta	PAD (MVP trans-ancestry meta)	113738095	R06	rs2273758	仅一方有关联
1.0701148113233811e-120	0.9659355375925632	2.3841410625861878e-122	0.02150781251627058	0.012556649891180374	0.11281705999483455	0.001270017436998913	0.009529260913864617	GRCh38	1	4	652	0	603	3240	is_sv	IS-SV (MEGASTROKE; GCST005841)	113738095	R06	rs2273758	仅一方有关联
9.794567842223569e-121	0.88410337414777	1.1299433030614987e-121	0.10198003586657907	0.013916589985660845	0.12367561449343802	0.0014093105155122566	0.01060959929328486	GRCh38	1	10	932	0	861	4609	is_laa	IS-LAA (MEGASTROKE; GCST005840)	113738095	R06	rs2273758	仅一方有关联
2.594139029216689e-91	0.8939382053010598	2.8719925703960513e-92	0.0989615307578532	0.00710026394108136	0.06673792732107206	0.000714592811925709	0.005469759938671977	GRCh38	2	14	1927	0	1746	8671	cad_nouk	CAD (Nikpay2015; GCST003116)	1403856	R07	rs11675342	仅一方有关联
8.733836047972222e-92	0.300967281791196	1.9957378196965793e-91	0.6877183194789632	0.011314398729829733	0.10268737422934725	0.001143079807634215	0.010125999869204174	GRCh37 → 仅 rsID	2	0	4071	0	1926	4071	mvp_meta	PAD (MVP trans-ancestry meta)	1403856	R07	rs11675342	H3 倾向独立（中等）
2.738536759195774e-91	0.9436975459274668	1.2252577409549458e-92	0.042208188103809365	0.01409426596873688	0.12507686080312216	0.0014275346445374176	0.010760665694557872	GRCh38	2	6	1522	0	1395	6698	is_sv	IS-SV (MEGASTROKE; GCST005841)	1403856	R07	rs11675342	仅一方有关联
2.5407197934037305e-91	0.8755299799695093	3.252502561894809e-92	0.11206857301777017	0.012401447012709904	0.11156262795451273	0.0012541425655871591	0.009510939538657292	GRCh38	2	10	1841	0	1701	8206	is_laa	IS-LAA (MEGASTROKE; GCST005840)	1403856	R07	rs11675342	仅一方有关联
2.0133676788564802e-80	0.9603615321359501	7.026559716709195e-82	0.03351004314219299	0.00612842472185015	0.05808075538406693	0.0006162414023251844	0.004643095879792389	GRCh38	3	12	1219	0	1087	6095	cad_nouk	CAD (Nikpay2015; GCST003116)	188405190	R08	rs2049218	仅一方有关联
1.913870811171228e-80	0.9129005579371607	8.293517599444836e-82	0.03951180581707467	0.04758763624575415	0.33317938713953155	0.004971695748499177	0.03657894130290756	GRCh37 → 仅 rsID	3	0	2564	0	1166	2564	mvp_meta	PAD (MVP trans-ancestry meta)	188405190	R08	rs2049218	仅一方有关联
1.9975088848079733e-80	0.9527970043498962	6.198331671069146e-82	0.029547929813800278	0.017655065836315303	0.15234388628418388	0.0017940126539972823	0.013462917473122227	GRCh38	3	10	874	0	799	4424	is_sv	IS-SV (MEGASTROKE; GCST005841)	188405190	R08	rs2049218	仅一方有关联
1.8560934080335813e-80	0.8853428650145879	1.9523477366934729e-81	0.09310399383982225	0.021553141145583155	0.18051535510761496	0.0021979495599450402	0.016549179994954113	GRCh38	3	12	1149	0	1060	5765	is_laa	IS-LAA (MEGASTROKE; GCST005840)	188405190	R08	rs2049218	仅一方有关联
1.3395727498130245e-66	0.9687300906174677	3.0922373308652473e-68	0.022353014176906227	0.008916895205621408	0.08254457974945319	0.0008989034052805156	0.006749547100516922	GRCh38	4	4	914	0	818	5009	cad_nouk	CAD (Nikpay2015; GCST003116)	148725386	R09	rs28435578	仅一方有关联
1.3297882574813005e-66	0.9616543030991	3.6963716096066544e-68	0.02671918302842578	0.011626513872468443	0.105251741256322	0.0011749458591445367	0.00880734679220546	GRCh37 → 仅 rsID	4	0	2184	0	885	2184	mvp_meta	PAD (MVP trans-ancestry meta)	148725386	R09	rs28435578	仅一方有关联
1.3155288987483773e-66	0.9513424556242213	2.9746029673367354e-68	0.021484068840354652	0.027173475535411145	0.2183377867851554	0.0027854693484156146	0.02086767196103407	GRCh38	4	2	688	0	637	3718	is_sv	IS-SV (MEGASTROKE; GCST005841)	148725386	R09	rs28435578	仅一方有关联
1.2543972145766e-66	0.9071342541991098	1.0290426377647163e-67	0.07439813782612417	0.018467607974775042	0.1583559751259471	0.0018779743216810207	0.014115877484440818	GRCh38	4	3	865	0	794	4680	is_laa	IS-LAA (MEGASTROKE; GCST005840)	148725386	R09	rs28435578	仅一方有关联
1.6665549245129524e-64	0.8961475756506142	1.7306080301092829e-65	0.09304824642835596	0.010804177921024042	0.09846707685126377	0.0010910266737724332	0.008325661769406375	GRCh38	5	10	1231	0	1085	6509	cad_nouk	CAD (Nikpay2015; GCST003116)	77236746	R10	rs2127387	仅一方有关联
1.7638761498310686e-64	0.9484795923428725	8.478385091086853e-66	0.045584426106457	0.005935981550674886	0.05634941378137093	0.0005967864169119177	0.004506171326386918	GRCh37 → 仅 rsID	5	0	2547	0	1109	2547	mvp_meta	PAD (MVP trans-ancestry meta)	77236746	R10	rs2127387	仅一方有关联
1.775819335565197e-64	0.9549017370821536	6.128349162412912e-66	0.032941484075459763	0.012156778842393976	0.10957867496717254	0.0012291258745228228	0.00924761663485661	GRCh38	5	7	907	0	814	4767	is_sv	IS-SV (MEGASTROKE; GCST005841)	77236746	R10	rs2127387	仅一方有关联
1.6545855832306455e-64	0.8897113664297216	1.803610015844205e-65	0.09697122954033717	0.013317404029947313	0.11892061535939384	0.0013478958290053587	0.010080922653942706	GRCh38	5	9	1163	0	1051	6137	is_laa	IS-LAA (MEGASTROKE; GCST005840)	77236746	R10	rs2127387	仅一方有关联
