id	chr	pos	rs	rs_alt	pval	mhc	n_thy_hypo	lead_thy_hypo	n_thy_tsh	lead_thy_tsh	n_thy_ft4	lead_thy_ft4	n_cad_nouk	lead_cad_nouk	n_is_sv	lead_is_sv	n_is_laa	lead_is_laa	n_mvp_meta	lead_mvp_meta	ov_cad_nouk	ovrs_cad_nouk	ov_mvp_meta	ovrs_mvp_meta	ov_is_sv	ovrs_is_sv	ov_is_laa	ovrs_is_laa
R01	9	97775173	rs10983700	rs1299473769	0.0	False	5202	True	4328	True	4160	True	5687	True	4370	True	5252	True	15330	False	1082	1072	81	0	862	855	1027	1019
R02	6	32668717	rs9274662	rs9461792	2.89e-314	True	11421	True	10046	True	9928	True	22611	True	12008	True	21212	True	28177	True	4489	4407	436	5232	2317	2281	4266	4192
R03	12	111446804	rs3184504	rs1398947274	9.13e-245	False	4368	True	3407	True	3309	True	3169	True	1986	True	2827	True	12364	True	636	631	48	1386	398	394	582	576
R04	1	107827250	rs17020141	rs1259224967	3.46e-141	False	4414	True	3763	True	3633	True	5675	True	4101	True	5178	True	16980	True	1020	1007	67	1662	753	746	933	925
R05	2	203835966	rs12990970	rs1367448295	1.74e-137	False	4555	True	3777	True	3610	True	4770	True	3107	True	4346	True	12969	True	928	917	43	1028	600	592	851	842
R06	1	113738095	rs2273758	rs1372872572	6.94e-98	False	4931	True	4119	True	4000	True	5081	True	3247	True	4613	True	15108	True	1012	1001	65	1505	657	653	942	932
R07	2	1403856	rs11675342	rs1394874734	2.07e-96	False	7723	True	6662	True	6463	True	8671	True	6712	True	8218	True	21943	True	1940	1927	792	4065	1530	1525	1855	1846
R08	3	188405190	rs2049218	rs1310949986	1.33e-86	False	5298	True	4471	True	4289	True	6096	True	4434	True	5773	True	17798	True	1231	1219	89	2158	886	876	1162	1150
R09	4	148725386	rs28435578	rs1449365939	3.205e-72	False	4740	True	3941	True	3814	True	5009	True	3722	True	4685	True	15825	True	918	914	67	1325	691	689	869	866
R10	5	77236746	rs2127387	rs1245863991	7.541e-71	False	5266	True	4432	True	4258	True	6509	True	4775	True	6142	True	17021	True	1241	1231	63	1547	916	909	1172	1163
