disease	pair	R_obs	Fw	r	pi_req	F_req_at_pi1	R_max_at_pi1	r_req_at_pi1
CAD	CAD (Nikpay 2015) -> CAD (UKB Mbatchou 2021)	1.77413	109.021	1	84.3959	1.29178	1.00917	84.3959
CAD	CAD (Nikpay 2015) -> CAD (UKB Mbatchou 2021)	1.77413	109.021	2	42.1979	2.58356	1.01835	84.3959
CAD	CAD (Nikpay 2015) -> CAD (UKB Mbatchou 2021)	1.77413	109.021	5	16.8792	6.4589	1.04586	84.3959
CAD	CAD (Nikpay 2015) -> CAD (UKB Mbatchou 2021)	1.77413	109.021	10	8.43959	12.9178	1.09173	84.3959
CAD	CAD (Nikpay 2015) -> CAD (UKB Mbatchou 2021)	1.77413	109.021	20	4.21979	25.8356	1.18345	84.3959
PAD	PAD (MVP trans-ancestry) -> PAD (Sakaue 2021, main)	1.9127	109.199	1	99.6666	1.09565	1.00916	99.6666
PAD	PAD (MVP trans-ancestry) -> PAD (Sakaue 2021, main)	1.9127	109.199	2	49.8333	2.19129	1.01832	99.6666
PAD	PAD (MVP trans-ancestry) -> PAD (Sakaue 2021, main)	1.9127	109.199	5	19.9333	5.47823	1.04579	99.6666
PAD	PAD (MVP trans-ancestry) -> PAD (Sakaue 2021, main)	1.9127	109.199	10	9.96666	10.9565	1.09158	99.6666
PAD	PAD (MVP trans-ancestry) -> PAD (Sakaue 2021, main)	1.9127	109.199	20	4.98333	21.9129	1.18315	99.6666
PAD	PAD (MVP trans-ancestry) -> PAD (FinnGen R13)	3.62218	109.497	1	287.121	0.381362	1.00913	287.121
PAD	PAD (MVP trans-ancestry) -> PAD (FinnGen R13)	3.62218	109.497	2	143.56	0.762724	1.01827	287.121
PAD	PAD (MVP trans-ancestry) -> PAD (FinnGen R13)	3.62218	109.497	5	57.4242	1.90681	1.04566	287.121
PAD	PAD (MVP trans-ancestry) -> PAD (FinnGen R13)	3.62218	109.497	10	28.7121	3.81362	1.09133	287.121
PAD	PAD (MVP trans-ancestry) -> PAD (FinnGen R13)	3.62218	109.497	20	14.356	7.62724	1.18265	287.121
