exposure	exposure_key	outcome	nsnp	direction	outcome_type	beta	se_fixed	se_random	p_fixed	p_random	unit	scale	condF	source_note	out_key	scale_flag	mde80_native	mde80_or	pow_or1.05	pow_or1.10	pow_or1.15	pow_or1.20	pow_or1.25
甲减	hypo	CAD（Nikpay 2015）	293	forward	二分	0.05778136795192606	0.015184148147625651		0.00014158987681362942		每 odds 翻倍	0.6931471805599453	37.797513654384716	无重叠	cad_nouk		0.04253968500002543	1.0299252870023308	0.9962718586769164	0.9999999999993567	1.0	1.0	1.0
TSH	tsh	CAD（Nikpay 2015）	293	forward	二分	-0.07251534036432596	0.026843112052229456		0.006903774144237591		每 1 SD	1.0	20.620656830499946	无重叠	cad_nouk		0.07520326593367611	1.0781032702819557	0.4434772577690199	0.9441585646829002	0.9994161573164825	0.9999993246779861	0.9999999998943641
FT4	ft4	CAD（Nikpay 2015）	293	forward	二分	-0.004485586944746767	0.0522496907607116		0.9315864045257274		每 1 SD	1.0	7.783221791961633	无重叠	cad_nouk		0.14638196128618336	1.157638276620135	0.15430779466125238	0.4460530294912735	0.762673028156383	0.9369253528594432	0.9895767014312754
甲减	hypo	PAD（MVP trans-ancestry）	293	forward	二分	0.030384316259339895	0.014433262831734826		0.0352774511117656		每 odds 翻倍	0.6931471805599453	38.83403146157154	无重叠	mvp_meta		0.04043601579852761	1.0284245933840226	0.9982324598256967	0.9999999999999809	1.0	1.0	1.0
TSH	tsh	PAD（MVP trans-ancestry）	293	forward	二分	-0.029934809165791686	0.025757825321811614		0.24516898309436697		每 1 SD	1.0	20.86931489419051	无重叠	mvp_meta		0.07216274267232332	1.0748302505783238	0.4738361622327958	0.9590948765401645	0.9997359030598607	0.9999998458766156	0.9999999999898028
FT4	ft4	PAD（MVP trans-ancestry）	293	forward	二分	0.12311628952372962	0.050246513222351484		0.014275886933433322		每 1 SD	1.0	7.765216181868976	无重叠	mvp_meta		0.14076988870545773	1.1511597226507533	0.16303374899630557	0.47489594951019354	0.794337723376199	0.9523994391842695	0.9934494993138274
甲减	hypo	IS-SV（MEGASTROKE）	261	forward	二分	0.0590272452733061	0.02855788052999243		0.038740403017335605		每 odds 翻倍	0.6931471805599453	39.876900878984245	无重叠	is_sv		0.08000733595346293	1.0570234154012808	0.693166145686332	0.9978477688453113	0.9999998306831672	0.9999999999997926	1.0
TSH	tsh	IS-SV（MEGASTROKE）	261	forward	二分	-0.026126322076009536	0.05090327753469858		0.6077735020206941		每 1 SD	1.0	20.384465110180273	无重叠	is_sv		0.1426098698947135	1.1532797847253002	0.1600571661586549	0.46516635760985403	0.7839718435756404	0.9475727823414641	0.9923186399723646
FT4	ft4	IS-SV（MEGASTROKE）	261	forward	二分	-0.04168582108269288	0.0995473073206815		0.6753960147079241		每 1 SD	1.0	7.715317587418929	无重叠	is_sv		0.27889026469257017	1.3216623028925003	0.07794319562520763	0.15980915262918083	0.2894934248104617	0.44896841493899803	0.6108954240959286
甲减	hypo	IS-LAA（MEGASTROKE）	293	forward	二分	0.040585695600244706	0.03336781707816409		0.22386587202540112		每 odds 翻倍	0.6931471805599453	37.797513654384716	无重叠	is_laa		0.09348278308688196	1.0669427625421453	0.5594572423949866	0.9846476439294655	0.9999777518937616	0.9999999984185615	0.9999999999999925
TSH	tsh	IS-LAA（MEGASTROKE）	293	forward	二分	-0.14369422785907604	0.05962756050010729		0.015958529382195854		每 1 SD	1.0	20.620656830499946	无重叠	is_laa		0.1670516920892373	1.181815354234194	0.1295191017054093	0.35903482952145843	0.6495010700488455	0.8638343840859909	0.9626518660958837
FT4	ft4	IS-LAA（MEGASTROKE）	293	forward	二分	-0.2467553097548041	0.11621107819165133		0.03372560240379103		每 1 SD	1.0	7.783221791961633	无重叠	is_laa		0.32557523884270073	1.3848270231994024	0.0704260808700789	0.1298983160296961	0.22521444501864346	0.3480772855930564	0.48417582973562934
甲减	hypo	PAD（Sakaue 2021）	299	forward	二分	0.0774623113273821	0.023501498158684665		0.000980516169146827		每 odds 翻倍	0.6931471805599453	38.54658176330396	重叠	sakaue		0.0658414498448801	1.0466952453187492	0.8496975721830081	0.9999500586782912	0.999999999981998	1.0	1.0
TSH	tsh	PAD（Sakaue 2021）	299	forward	二分	-0.07877794539608986	0.042201281161901534		0.061940799198150036		每 1 SD	1.0	20.345658893208906	重叠	sakaue		0.1182304854886126	1.1255034936969426	0.2116627287669588	0.6173524725679528	0.9117851897370215	0.9908704336348895	0.999562071019609
FT4	ft4	PAD（Sakaue 2021）	299	forward	二分	-0.10544091828530583	0.08552427721780617		0.21762164042445792		每 1 SD	1.0	7.6544186930384335	重叠	sakaue		0.23960355084320148	1.2707452645568218	0.08803916303991849	0.19995897341875546	0.37245609405591434	0.5682423277570098	0.7418853770574398
甲减	hypo	CAD（UKB Mbatchou 2021）	300	forward	二分	0.05981949472062348	0.013906908628549122		1.697048519661328e-05		每 odds 翻倍	0.6931471805599453	38.40715977870076	重叠	cad_ukb		0.03896138964339091	1.0273739437516687	0.9990372881484837	0.9999999999999989	1.0	1.0	1.0
TSH	tsh	CAD（UKB Mbatchou 2021）	300	forward	二分	-0.034496517072672574	0.025048182495913358		0.16844844578654378		每 1 SD	1.0	20.29040943491104	重叠	cad_ukb		0.07017461782114685	1.07269547664807	0.4952148903129981	0.9674892121063738	0.9998525617540466	0.9999999477930883	0.9999999999981555
FT4	ft4	CAD（UKB Mbatchou 2021）	300	forward	二分	-0.05977476465735544	0.04895801627368165		0.2221090144164995		每 1 SD	1.0	7.631245048032601	重叠	cad_ukb		0.13716005470048065	1.1470117184464352	0.1692308826480194	0.4947847764376528	0.8145447809465032	0.9611403225460327	0.9953100904403475
甲减	hypo	MI（UKB Donertas 2021）	299	forward	二分	0.0017218116962062664	0.0004642239865446849		0.0002080707015851735		每 odds 翻倍	0.6931471805599453	38.39709720410644	重叠	mi_ukb	尺度异常·疑似线性概率（β/SE 不可当 log-OR 用）	0.0013005630585970628	1.0009018880738887	1.0	1.0	1.0	1.0	1.0
TSH	tsh	MI（UKB Donertas 2021）	299	forward	二分	-0.001442690767962768	0.0008351838746379574		0.0840971092584584		每 1 SD	1.0	20.43268543808937	重叠	mi_ukb	尺度异常·疑似线性概率（β/SE 不可当 log-OR 用）	0.0023398387975920158	1.0023425783566835	1.0	1.0	1.0	1.0	1.0
FT4	ft4	MI（UKB Donertas 2021）	299	forward	二分	-0.002395401288507967	0.001630339689583419		0.14176088543478768		每 1 SD	1.0	7.656521351364795	重叠	mi_ukb	尺度异常·疑似线性概率（β/SE 不可当 log-OR 用）	0.004567535574839792	1.0045779826652164	1.0	1.0	1.0	1.0	1.0
