exposure	exposure_key	outcome	nsnp	direction	beta	se_fixed	se_random	p_fixed	p_random	unit	scale	outcome_type	source_note	mde80_native	mde80_or	mde80_sd	mde80_or_random	mde80_sd_random	mde90_native	mde90_or	mde90_sd	mde90_or_random	mde90_sd_random	pow_or1.05	pow_or1.05_rand	pow_or1.10	pow_or1.10_rand	pow_or1.15	pow_or1.15_rand	pow_or1.20	pow_or1.20_rand	pow_or1.25	pow_or1.25_rand	pow_sd0.02	pow_sd0.02_rand	pow_sd0.05	pow_sd0.05_rand	pow_sd0.10	pow_sd0.10_rand	pow_sd0.15	pow_sd0.15_rand	pow_sd0.20	pow_sd0.20_rand	pow_sd0.30	pow_sd0.30_rand
甲减	hypo	CAD（Nikpay 2015, GCST003116）	11	reverse	-0.007368539898230269	0.020289457801168025	0.05074621073560103	0.7164772518536542	0.7866882954930698	每血管疾病 odds 翻倍	0.6931471805599453	二分	无重叠	0.05684264505927919	1.0401868070206621		1.1035636437639387		0.06576859296527256	1.0466423879776023		1.1207734079882008		0.9343879706100897	0.2837718352790164	0.9999992718040049	0.7732739768523116	0.9999999999999993	0.9779644385716011	1.0	0.9993665343854401	1.0	0.9999941718815795												
TSH	tsh	CAD（Nikpay 2015, GCST003116）	11	reverse	-0.0012616472753500098	0.008083650654033894	0.018178926010105838	0.875974732832282	0.8178741030746879	每血管疾病 odds 翻倍	0.6931471805599453	连续	无重叠	0.022647036180730586		0.015697729276712476		0.035301854479031	0.026203279296502856		0.01816272916579574		0.04084527199129104											0.9462410955073859	0.3548630788473071	0.9999999999983413	0.9776825300911456	1.0	0.9999999988574344	1.0	1.0	1.0	1.0	1.0	1.0
FT4	ft4	CAD（Nikpay 2015, GCST003116）	11	reverse	-0.011787064572657217	0.01232074140928607	0.02354772325325005	0.33872643217083703	0.9541076425690094	每血管疾病 odds 翻倍	0.6931471805599453	连续	无重叠	0.03451760700844819		0.02392578197758207		0.04572758033871816	0.039937874866772714		0.02768282536145941		0.052908139926416214											0.6487527467701781	0.2320064217545963	0.9999508554823188	0.8650689405177301	1.0	0.9999845494466731	1.0	0.9999999999997586	1.0	1.0	1.0	1.0
甲减	hypo	PAD（Sakaue 2021, GCST90018890）	1	reverse	0.044765840220385676	0.03581267217630854	0.03581267217630854	0.21129954733371054	0.21129954733371054	每血管疾病 odds 翻倍	0.6931471805599453	二分	重叠	0.1003322529902716	1.0720203206288375		1.0720203206288375		0.11608733374958818	1.0837915723360905		1.0837915723360905		0.5022464842650272	0.5022464842650272	0.9699157973591417	0.9699157973591417	0.9998788546152377	0.9998788546152377	0.9999999637305147	0.9999999637305147	0.9999999999989618	0.9999999999989618												
TSH	tsh	PAD（Sakaue 2021, GCST90018890）	1	reverse	-0.008953168044077135	0.01446280991735537	0.01446280991735537	0.5358849890670382	0.5358849890670382	每血管疾病 odds 翻倍	0.6931471805599453	连续	重叠	0.040518794476840446		0.02808548815130984		0.02808548815130984	0.04688142324502599		0.032495726342927245		0.032495726342927245											0.5140291586544983	0.5140291586544983	0.9987676378166871	0.9987676378166871	0.9999999999999994	0.9999999999999994	1.0	1.0	1.0	1.0	1.0	1.0
FT4	ft4	PAD（Sakaue 2021, GCST90018890）	1	reverse	0.06473829201101929	0.02203856749311295	0.02203856749311295	0.0033087017190950164	0.0033087017190950164	每血管疾病 odds 翻倍	0.6931471805599453	连续	重叠	0.061742924917090214		0.042796934325805475		0.042796934325805475	0.07143835923051581		0.049517297284460575		0.049517297284460575											0.2581534365738777	0.2581534365738777	0.9054339447708954	0.9054339447708954	0.9999977437685124	0.9999977437685124	0.999999999999998	0.999999999999998	1.0	1.0	1.0	1.0
甲减	hypo	PAD（FinnGen R13 I9_PAD）	7	reverse	0.5219341844211582	0.027616415034037847	0.22862816133831962	1.153164886115714e-79	0.4624690083818051	每血管疾病 odds 翻倍	0.6931471805599453	二分	重叠	0.07736974013663318	1.055092686146485		1.5588923194399718		0.08951903877042532	1.06401540514051		1.671451785986562		0.7220250185734964	0.06092785245105353	0.9987323092093197	0.09235961050511504	0.9999999538507354	0.14275145150721358	0.9999999999999806	0.210055271212711	1.0	0.29089445844782197												
TSH	tsh	PAD（FinnGen R13 I9_PAD）	7	reverse	0.09620759223819957	0.012047864455632547	0.03640333281006218	1.4001314744985594e-15	0.15139259952501338	每血管疾病 odds 翻倍	0.6931471805599453	连续	重叠	0.03375311896872879		0.02339587924827877		0.07069202859938743	0.039053339978245095		0.027069712497369582		0.08179273237538316											0.6682163859704477	0.12449151379471024	0.9999717995120969	0.5086484101533475	1.0	0.9774178539515076	1.0	0.9999662121050849	1.0	0.9999999987858326	1.0	1.0
FT4	ft4	PAD（FinnGen R13 I9_PAD）	7	reverse	-0.0075625967507767355	0.018543461112487367	0.026469816454482188	0.6833978137352767	0.5614107751041504	每血管疾病 odds 翻倍	0.6931471805599453	连续	重叠	0.05195108654539727		0.03600974916596782		0.05140202496249394	0.06010891754851789		0.04166432672526539		0.059473637333792156											0.34334412900492856	0.19332271953522334	0.9732011141253045	0.7779269860609441	0.9999999970595589	0.9997588294765214	1.0	0.999999999744268	1.0	1.0	1.0	1.0
