exposure	exposure_key	outcome	nsnp	direction	beta	se_fixed	se_random	p_fixed	p_random	unit	scale	outcome_type	source_note	mde80_native	mde80_or	mde80_sd	mde80_or_random	mde80_sd_random	mde90_native	mde90_or	mde90_sd	mde90_or_random	mde90_sd_random	pow_or1.05	pow_or1.05_rand	pow_or1.10	pow_or1.10_rand	pow_or1.15	pow_or1.15_rand	pow_or1.20	pow_or1.20_rand	pow_or1.25	pow_or1.25_rand	out_key	scale_flag
甲减	hypo	PAD（Sakaue 2021, GCST90018890）	221	forward	0.04524017335839431	0.018609046915227814	0.027052805149932406	0.015053685781595376	0.12978728564232211	每 odds 翻倍	0.6931471805599453	二分	主分析·含UKB	0.052134830760872976	1.036797993104466		1.053938539829588		0.06032151494796583	1.0426981077096285		1.0626688469290453		0.9658156335542543	0.7395527811539293	0.9999999716812564	0.9991043590793112	1.0	0.9999999802843408	1.0	0.9999999999999958	1.0	1.0	sakaue	
TSH	tsh	PAD（Sakaue 2021, GCST90018890）	256	forward	-0.005943787135104144	0.030979808499642866	0.04682566130307575	0.8478518434547745	0.8491369178328066	每 1 SD	1.0	二分	主分析·含UKB	0.08679257355256995	1.0906704223621815		1.1401799268641564		0.1004215309902371	1.1056368800689358		1.1639112599619048		0.3502997587254959	0.18064812652504603	0.8679093719030765	0.5301088307644726	0.9946358173155925	0.847263509628241	0.9999566729095668	0.9734225809786746	0.9999999209667176	0.9974876628988925	sakaue	
FT4	ft4	PAD（Sakaue 2021, GCST90018890）	65	forward	-0.025417193139694177	0.07101107396741366	0.08070027429197751	0.7203935974731498	0.7000487523706035	每 1 SD	1.0	二分	主分析·含UKB	0.19894357514943273	1.2201131192571308		1.2536868567974064		0.23018350049358297	1.2588309848438808		1.2989953967744343		0.1055892559840182	0.09281390068579787	0.2688410927400282	0.2188538351669237	0.503316925495392	0.40989578473381716	0.7282582768835604	0.6176488035290688	0.8814791972438263	0.789627774752899	sakaue	
甲减	hypo	PAD（FinnGen R13 I9_PAD）	220	forward	0.08567351327972754	0.01243758285993042	0.021259842126967837	5.647225567454521e-12	0.001800642569376801	每 odds 翻倍	0.6931471805599453	二分	重叠·甲减失效	0.03484494828943628	1.024446716082136		1.0421487829232348		0.04031661824593082	1.0283394844074		1.0489268776334166		0.9998919628923425	0.9116429813556761	1.0	0.9999967247509132	1.0	0.9999999999999736	1.0	1.0	1.0	1.0	finngen	
TSH	tsh	PAD（FinnGen R13 I9_PAD）	248	forward	0.0035116196749259256	0.021386874445044272	0.03818832949663625	0.8695775699221641	0.9248750850702532	每 1 SD	1.0	二分	重叠·甲减失效	0.05991715130687403	1.0617485784192373		1.1129207428964463		0.06932588608131912	1.0717854321963036		1.1317759813863268		0.6260383225555703	0.24811338863767624	0.9937290011193475	0.7039659463807275	0.9999976186278506	0.955419846514342	0.9999999999739773	0.9975558985373638	1.0	0.9999484706382208	finngen	
FT4	ft4	PAD（FinnGen R13 I9_PAD）	60	forward	-0.0632151331642539	0.05030775700108748	0.07124126829647678	0.208909996137322	0.2587960606842797	每 1 SD	1.0	二分	重叠·甲减失效	0.14094146837066587	1.1513572551963662		1.2209002350066156		0.1630733766089052	1.1771230598180482		1.259770647990998		0.16275116384392713	0.10522258786050431	0.473977159968156	0.2674208883285796	0.7933724526521557	0.5007810175982956	0.9519597980649505	0.725499574979635	0.9933494770130774	0.8794536708983183	finngen	
甲减	hypo	PAD（MVP trans-ancestry meta）	213	forward	0.02365246843085242	0.011499008561808424	0.017684699064138353	0.039694526382096286	0.5272864945216188	每 odds 翻倍	0.6931471805599453	二分	无重叠	0.032215452409716946	1.0225812317241159		1.0349386087989667		0.037274215063658585	1.026173172971791		1.0405348080425094		0.9999841831342114	0.9783225639697593	1.0	0.9999999969740654	1.0	1.0	1.0	1.0	1.0	1.0	mvp_meta	
TSH	tsh	PAD（MVP trans-ancestry meta）	251	forward	-0.02918022420669527	0.019313614541321182	0.030157893069529502	0.13082337792303425	0.4441277406169838	每 1 SD	1.0	二分	无重叠	0.054108737007297104	1.0555993786320788		1.088161861830114		0.06260538186403371	1.0646066432391863		1.1026951057432657		0.7143889059914705	0.36629604322206905	0.9985346090707383	0.885009815867948	0.9999999341565393	0.9962565818240896	0.9999999999999629	0.9999780187353178	1.0	0.9999999732415943	mvp_meta	
FT4	ft4	PAD（MVP trans-ancestry meta）	63	forward	0.07757165954506001	0.043161703785655106	0.06711837311055276	0.07229855987226531	0.23991789808461955	每 1 SD	1.0	二分	无重叠	0.1209211913144619	1.1285359704262794		1.2068791851717815		0.1399093339893487	1.1501695128483977		1.2430465358149327		0.20439335785922397	0.11238702447504245	0.5980439819950422	0.2949841082219144	0.8993994845474685	0.5487179997776213	0.9882186947259821	0.7753129431851317	0.999336276844768	0.9138205588346251	mvp_meta	
甲减	hypo	CAD（Nikpay 2015, GCST003116）	215	forward	0.030760126863534933	0.012109714593707284	0.018331916395074505	0.011081447632053775	0.1463383084612489	每 odds 翻倍	0.6931471805599453	二分	无重叠	0.033926397401297215	1.023794667719407		1.0362401771292575		0.03925382816258923	1.027582216573524		1.0420490529954523		0.9999415813862333	0.9699289696352125	1.0	0.9999999849460353	1.0	1.0	1.0	1.0	1.0	1.0	cad_nouk	
TSH	tsh	CAD（Nikpay 2015, GCST003116）	252	forward	-0.013458882807350223	0.019931027272598278	0.03463604081783731	0.4995023911209499	0.945784879022074	每 1 SD	1.0	二分	无重叠	0.05583847138871777	1.05742686524787		1.1018998429325584		0.06460673483328866	1.066739430423813		1.11881855272052		0.6872254511046605	0.29108799995874274	0.9976140118712038	0.7857623253640899	0.999999781757543	0.9810157829097215	0.9999999999996705	0.9995233563114212	1.0	0.9999963123689463	cad_nouk	
FT4	ft4	CAD（Nikpay 2015, GCST003116）	65	forward	-0.012091725312165076	0.04352163684564934	0.06208999182109408	0.7811409390546944	0.8725930418713035	每 1 SD	1.0	二分	无重叠	0.1219295744548519	1.1296745410334048		1.1899965444298173		0.14107606260030958	1.1515122316684097		1.22294963457992		0.2017917594844485	0.12318271738749043	0.5909650546420857	0.3356804881543385	0.8945979733552287	0.6144846362716752	0.9871014444962597	0.835578281151862	0.9992304876090552	0.9488610461304481	cad_nouk	
甲减	hypo	CAD（UKB Mbatchou 2021, GCST90013864）	222	forward	0.05457231671728457	0.011148850593942402	0.015970652875977074	9.836434496746736e-07	0.003975368345728949	每 odds 翻倍	0.6931471805599453	二分	重叠	0.031234455022939023	1.0218861378155801		1.0314995165272824		0.036139172565834835	1.025366147187329		1.0365352067990516		0.9999933049509568	0.9928065071409912	1.0	0.9999999999853253	1.0	1.0	1.0	1.0	1.0	1.0	cad_ukb	
TSH	tsh	CAD（UKB Mbatchou 2021, GCST90013864）	258	forward	0.039364473361787285	0.018672234803016222	0.035434141486765415	0.03501523089297329	0.20587585982571313	每 1 SD	1.0	二分	重叠	0.05231185701326476	1.0537042963545176		1.1043663891267426		0.060526339468808955	1.0623955801370462		1.121716745944153		0.7431292218855978	0.280357221458449	0.9991679063237858	0.7672514970211772	0.9999999835304293	0.9763893242034498	0.999999999999997	0.9992772298321908	1.0	0.9999927928206334	cad_ukb	
FT4	ft4	CAD（UKB Mbatchou 2021, GCST90013864）	65	forward	-0.0345212735627659	0.04126994787828458	0.053386195979687245	0.40288781823620406	0.5263295759322806	每 1 SD	1.0	二分	重叠	0.11562127592809474	1.12257064709039		1.1613300899496697		0.13377717779864265	1.1431380747220237		1.1889281470005189		0.21919848656615043	0.14979534819309376	0.6366411883718756	0.43076049624734813	0.9231476220362111	0.744726085089352	0.9930107648064002	0.9271903479787628	0.9997165357842328	0.9867850049048172	cad_ukb	
甲减	hypo	MI（UKB Donertas 2021, GCST90038610）	221	forward	0.0019798776696750378	0.000371465765051572	0.0005010034315454958	9.826352632355543e-08	7.219875722087627e-05	每 odds 翻倍	0.6931471805599453	二分	重叠	0.001040692996403509	1.0007216136542318		1.0009733774468053		0.0012041120537387632	1.0008349752730583		1.0011263120532152		1.0	1.0	1.0	1.0	1.0	1.0	1.0	1.0	1.0	1.0	mi_ukb	尺度异常·疑似线性概率（β/SE 不可当 log-OR 用）
TSH	tsh	MI（UKB Donertas 2021, GCST90038610）	256	forward	0.0010337053036648066	0.0006227643489456515	0.0010260859662542554	0.09694143373265715	0.45985400161048656	每 1 SD	1.0	二分	重叠	0.0017447273943738838	1.0017462503167802		1.0028788030936278		0.002018700321145675	1.002020739268416		1.0033316111358823		1.0	1.0	1.0	1.0	1.0	1.0	1.0	1.0	1.0	1.0	mi_ukb	尺度异常·疑似线性概率（β/SE 不可当 log-OR 用）
FT4	ft4	MI（UKB Donertas 2021, GCST90038610）	65	forward	-0.002371626882301931	0.00137486824591494	0.0016618166940414677	0.08453020446897758	0.23678402202759394	每 1 SD	1.0	二分	重叠	0.003851810554608201	1.0038592383105902		1.0046665757936122		0.00445665679845089	1.0044666024626756		1.0054013395745258		1.0	1.0	1.0	1.0	1.0	1.0	1.0	1.0	1.0	1.0	mi_ukb	尺度异常·疑似线性概率（β/SE 不可当 log-OR 用）
甲减	hypo	IS-LAA（MEGASTROKE, GCST005840）	216	forward	0.013007554836980842	0.026584795173214062	0.03417172543863182	0.6246395841670211	0.3021961284127757	每 odds 翻倍	0.6931471805599453	二分	无重叠	0.07447956918383751	1.0529811201290888		1.0686096873194884		0.08617502694978885	1.0615519880272217		1.0798030368691238		0.7542015885157038	0.5398198329068521	0.9993416112956564	0.9804879952715739	0.9999999907026409	0.9999593679545485	0.9999999999999989	0.9999999951947736	1.0	0.999999999999957	is_laa	
TSH	tsh	IS-LAA（MEGASTROKE, GCST005840）	251	forward	-0.05985510402915759	0.045161197052099436	0.05904652016079415	0.18504986940932328	0.6907012486691884	每 1 SD	1.0	二分	无重叠	0.12652294209344875	1.134875487296891		1.1798931199520746		0.14639072250481758	1.1576484189866054		1.210943990981425		0.19071745488102687	0.131133816559393	0.5598305285801689	0.3649184854304511	0.8717646029894152	0.658009509599057	0.9811068132501233	0.8702974489127105	0.9985638406460293	0.9655557578781713	is_laa	
FT4	ft4	IS-LAA（MEGASTROKE, GCST005840）	65	forward	0.11682083630739117	0.09645108619265398	0.11712332216427966	0.22582162023602373	0.1642485883940921	每 1 SD	1.0	二分	无重叠	0.2702159373482792	1.310247351526403		1.3883707926283781		0.3126476957160432	1.3670398321910853		1.4617832142600335		0.0797929424253832	0.0701057667326716	0.16717529464347392	0.1286261530037503	0.3050298112820785	0.22244462478211802	0.47228983216884185	0.34358198873531803	0.6381817048030936	0.4782194268202697	is_laa	
甲减	hypo	IS-SV（MEGASTROKE, GCST005841）	195	forward	0.06340990768233284	0.022826933595550353	0.03013110207914581	0.005471905959849969	0.029085927610196096	每 odds 翻倍	0.6931471805599453	二分	无重叠	0.06395159973614017	1.0453250305233897		1.060257619020236		0.07399386021072628	1.052626674954856		1.0700442334470053		0.8694183100742455	0.6466015467019837	0.9999758574673707	0.9953867283284139	0.999999999996861	0.9999988879735977	1.0	0.9999999999935476	1.0	1.0	is_sv	
TSH	tsh	IS-SV（MEGASTROKE, GCST005841）	220	forward	0.02010687440474837	0.03884545021750773	0.047837873015151654	0.6047289496041826	0.6453654784459935	每 1 SD	1.0	二分	无重叠	0.10882883912031285	1.1149714945065616		1.143417834958018		0.12591813093009063	1.1341893094580775		1.1677364411717437		0.24137985490685787	0.17503592339375534	0.6892142092270539	0.5129598707522479	0.9492822161803427	0.8318780530092991	0.9968671933208195	0.9679349888541137	0.9999229692163768	0.9965808233222839	is_sv	
FT4	ft4	IS-SV（MEGASTROKE, GCST005841）	60	forward	-0.05714216424372101	0.08820008175056472	0.10858634034518051	0.5170692023259796	0.6611493617736447	每 1 SD	1.0	二分	无重叠	0.2471000452687375	1.2803071950485458		1.3555589601691655		0.2859019365131933	1.3309619300848488		1.4218862152233607		0.08572821906951911	0.07343166369852139	0.1907862017670665	0.14184769060837843	0.3538919151320653	0.2511012740386588	0.5427019432787806	0.3895238371306253	0.7156667166292334	0.537881578688854	is_sv	
