trait	trait_cn	method	nsnp	beta	se	or	p	note
hypo	甲减	IVW(固定效应)	221	0.04524	0.018609	1.046279	0.01505	
hypo	甲减	IVW(随机效应 DL)	221	0.040983	0.027053	1.041835	0.1298	Q=354.44 df=220 Q_p=2.33e-08 tau2=0.0474
hypo	甲减	MR-Egger	221	0.045526	0.023675	1.046578	0.05448	intercept=-0.000619 se=0.001486 p=0.677 Q_p=1.92e-08
hypo	甲减	加权中位数	221	0.033136	0.049859	1.033691	0.5063	bootstrap se (2000)
hypo	甲减	加权众数	221	-0.038865	0.08035	0.96188	0.6286	bootstrap se (500)
hypo	甲减	MR-PRESSO等价(全局异质性)	221				2.332e-08	离群 2 个, 校正beta=0.053106 p=0.037, distortion p=0.744
hypo	甲减	方向性(R²对比, Steiger近似)	221					R2X=0.0590 R2Y=0.01285 nR2X=24179 nR2Y=360 → forward (X->Y)
hypo	甲减	符号一致性	221				0.05939	正 125 / 负 96
tsh	TSH	IVW(固定效应)	256	-0.005944	0.03098	0.994074	0.8479	
tsh	TSH	IVW(随机效应 DL)	256	-0.008907	0.046826	0.991132	0.8491	Q=383.04 df=255 Q_p=3.59e-07 tau2=0.126
tsh	TSH	MR-Egger	256	-0.003959	0.038048	0.996049	0.9171	intercept=0.001237 se=0.001378 p=0.369 Q_p=3.58e-07
tsh	TSH	加权中位数	256	-0.062235	0.059426	0.939662	0.295	bootstrap se (2000)
tsh	TSH	加权众数	256	-0.022142	0.068036	0.978101	0.7448	bootstrap se (500)
tsh	TSH	MR-PRESSO等价(全局异质性)	256				3.586e-07	离群 2 个, 校正beta=-0.007716 p=0.862, distortion p=0.985
tsh	TSH	方向性(R²对比, Steiger近似)	256					R2X=0.1070 R2Y=0.01366 nR2X=51656 nR2Y=383 → forward (X->Y)
tsh	TSH	符号一致性	256				0.9502	正 129 / 负 127
ft4	FT4	IVW(固定效应)	65	-0.025417	0.071011	0.974903	0.7204	
ft4	FT4	IVW(随机效应 DL)	65	-0.03109	0.0807	0.969388	0.7	Q=73.87 df=64 Q_p=0.187 tau2=0.0518
ft4	FT4	MR-Egger	65	-0.048161	0.068211	0.95298	0.4802	intercept=-0.00889 se=0.002121 p=2.77e-05 Q_p=0.663
ft4	FT4	加权中位数	65	0.009143	0.118587	1.009185	0.9385	bootstrap se (2000)
ft4	FT4	加权众数	65	0.017858	0.126114	1.018018	0.8874	bootstrap se (500)
ft4	FT4	MR-PRESSO等价(全局异质性)	65				0.1868	
ft4	FT4	方向性(R²对比, Steiger近似)	65					R2X=0.0237 R2Y=0.00264 nR2X=4532 nR2Y=74 → forward (X->Y)
ft4	FT4	符号一致性	65				1	正 33 / 负 32
