SNP	rs	chr	pos	A1	A2	beta_X	se_X	eaf_X	beta_Y	se_Y	eaf_Y	p_Y	beta_XY	se_XY	action	route	strand	pos_Y
1:222650401	1:222650401	1	222650401	G	T	0.078807	0.0110551	0.663052	0.0012	0.0026	0.7342	0.6283	0.01522707373710457	0.032991993097059906	straight	rs_id	same	222650402
2:21160642	2:21160642	2	21160642	A	G	0.066197	0.012099	0.761386	0.0021	0.0027	0.8068	0.4365	0.03172349200114808	0.04078734685861897	flip	rs_id	same	21160643
2:144528992	2:144528992	2	144528992	G	T	0.098786	0.0166548	0.08768100000000001	0.0006	0.0037	0.09340000000000004	0.8765	0.006073735144656125	0.03745470005871278	flip	rs_id	same	144528993
6:160489250	6:160489250	6	160489250	G	A	0.357354	0.0373549	0.018742999999999954	0.0035	0.0088	0.015499999999999958	0.691	0.009794209663247089	0.02462544143902125	complement	rs_id	complement	160489251
6:160584578	6:160584578	6	160584578	T	C	0.316641	0.0242403	0.05624300000000004	-0.0006	0.004	0.0771	0.8874	-0.001894890427961003	0.012632602853073355	complement	rs_id	complement	160584579
7:130023656	7:130023656	7	130023656	T	C	-0.072569	0.0110605	0.31332499999999996	0.0057	0.0022	0.3834	0.009761	-0.07854593559233282	0.030315975140900387	complement	rs_id	complement	130023657
10:30034963	10:30034963	10	30034963	A	G	0.062633	0.0095049	0.41822099999999995	-0.0085	0.0021	0.44290000000000007	6.607e-05	-0.1357112065524564	0.03352865103060687	complement_flip	rs_id	complement	30034964
10:89243170	10:89243170	10	89243170	T	C	0.066812	0.0096809	0.369131	-0.0017	0.0022	0.3376	0.4538	-0.025444530922588755	0.03292821648805604	complement	rs_id	complement	89243171
15:89030987	15:89030987	15	89030987	A	G	-0.096711	0.0175662	0.097718	-0.0577	0.1126	0.0004	0.6085	0.5966229281053861	1.164293617065277	straight	rsid	same	89030987
17:60936127	17:60936127	17	60936127	C	T	0.079961	0.0142216	0.14651599999999998	0.0036	0.0031	0.15410000000000001	0.2537	0.04502194819974737	0.03876889983867135	complement_flip	rs_id	complement	60936128
21:34221526	21:34221526	21	34221526	A	G	0.127571	0.015952	0.12118600000000002	0.0111	0.0032	0.1339	0.0004213	0.08701037069553426	0.025084070831145014	straight	rs_id	same	34221527
