outcome	exposure	beta_mvmr	se_mvmr	p_mvmr	beta_univ	se_univ	p_univ	nsnp	condF	MVQ	MVQ_p	overlap
sakaue	hypo	0.0774623113273821	0.023501498158684665	0.000980516169146827	0.04524017335839431	0.018609046915227814	0.015053685781595376	299	38.54658176330396	451.4857962214775	1.421963324778632e-08	OVERLAP_UKB（暴露 GWAS 含 UKB）
sakaue	tsh	-0.07877794539608986	0.042201281161901534	0.061940799198150036				299	20.345658893208906	451.4857962214775	1.421963324778632e-08	OVERLAP_UKB（暴露 GWAS 含 UKB）
sakaue	ft4	-0.10544091828530583	0.08552427721780617	0.21762164042445792				299	7.6544186930384335	451.4857962214775	1.421963324778632e-08	OVERLAP_UKB（暴露 GWAS 含 UKB）
cad_nouk	hypo	0.05778136795192606	0.015184148147625651	0.00014158987681362942	0.030760126863534933	0.012109714593707284	0.011081447632053775	293	37.797513654384716	598.0806096571807	1.4858089965538703e-23	
cad_nouk	tsh	-0.07251534036432596	0.026843112052229456	0.006903774144237591	-0.013458882807350223	0.019931027272598278	0.4995023911209499	293	20.620656830499946	598.0806096571807	1.4858089965538703e-23	
cad_nouk	ft4	-0.004485586944746767	0.0522496907607116	0.9315864045257274	-0.012091725312165076	0.04352163684564934	0.7811409390546944	293	7.783221791961633	598.0806096571807	1.4858089965538703e-23	
cad_ukb	hypo	0.05981949472062348	0.013906908628549122	1.697048519661328e-05	0.05457231671728457	0.011148850593942402	9.836434496746736e-07	300	38.40715977870076	651.9859066786432	1.1449140602697035e-28	OVERLAP_UKB（暴露 GWAS 含 UKB）
cad_ukb	tsh	-0.034496517072672574	0.025048182495913358	0.16844844578654378	0.039364473361787285	0.018672234803016222	0.03501523089297329	300	20.29040943491104	651.9859066786432	1.1449140602697035e-28	OVERLAP_UKB（暴露 GWAS 含 UKB）
cad_ukb	ft4	-0.05977476465735544	0.04895801627368165	0.2221090144164995	-0.0345212735627659	0.04126994787828458	0.40288781823620406	300	7.631245048032601	651.9859066786432	1.1449140602697035e-28	OVERLAP_UKB（暴露 GWAS 含 UKB）
mi_ukb	hypo	0.0017218116962062664	0.0004642239865446849	0.0002080707015851735	0.0019798776696750378	0.000371465765051572	9.826352632355543e-08	299	38.39709720410644	484.26593495184096	2.888165116503193e-11	OVERLAP_UKB（暴露 GWAS 含 UKB）
mi_ukb	tsh	-0.001442690767962768	0.0008351838746379574	0.0840971092584584	0.0010337053036648066	0.0006227643489456515	0.09694143373265715	299	20.43268543808937	484.26593495184096	2.888165116503193e-11	OVERLAP_UKB（暴露 GWAS 含 UKB）
mi_ukb	ft4	-0.002395401288507967	0.001630339689583419	0.14176088543478768	-0.002371626882301931	0.00137486824591494	0.08453020446897758	299	7.656521351364795	484.26593495184096	2.888165116503193e-11	OVERLAP_UKB（暴露 GWAS 含 UKB）
is_laa	hypo	0.040585695600244706	0.03336781707816409	0.22386587202540112	0.013007554836980842	0.026584795173214062	0.6246395841670211	293	37.797513654384716	360.4165109038521	0.003042805671582629	
is_laa	tsh	-0.14369422785907604	0.05962756050010729	0.015958529382195854	-0.05985510402915759	0.045161197052099436	0.18504986940932328	293	20.620656830499946	360.4165109038521	0.003042805671582629	
is_laa	ft4	-0.2467553097548041	0.11621107819165133	0.03372560240379103	0.11682083630739117	0.09645108619265398	0.22582162023602373	293	7.783221791961633	360.4165109038521	0.003042805671582629	
is_sv	hypo	0.0590272452733061	0.02855788052999243	0.038740403017335605	0.06340990768233284	0.022826933595550353	0.005471905959849969	261	39.876900878984245	313.15921763162845	0.010642750201076207	
is_sv	tsh	-0.026126322076009536	0.05090327753469858	0.6077735020206941	0.02010687440474837	0.03884545021750773	0.6047289496041826	261	20.384465110180273	313.15921763162845	0.010642750201076207	
is_sv	ft4	-0.04168582108269288	0.0995473073206815	0.6753960147079241	-0.05714216424372101	0.08820008175056472	0.5170692023259796	261	7.715317587418929	313.15921763162845	0.010642750201076207	
mvp_meta	hypo	0.030384316259339895	0.014433262831734826	0.0352774511117656	0.02365246843085242	0.011499008561808424	0.039694526382096286	293	38.83403146157154	468.97818553344257	1.325460817614431e-10	
mvp_meta	tsh	-0.029934809165791686	0.025757825321811614	0.24516898309436697	-0.02918022420669527	0.019313614541321182	0.13082337792303425	293	20.86931489419051	468.97818553344257	1.325460817614431e-10	
mvp_meta	ft4	0.12311628952372962	0.050246513222351484	0.014275886933433322	0.07757165954506001	0.043161703785655106	0.07229855987226531	293	7.765216181868976	468.97818553344257	1.325460817614431e-10	
