SNP	chr	pos	EA	OA	src	action	beta_obs	se_obs	beta_hypo	beta_tsh	beta_ft4	se_hypo	se_tsh	se_ft4	p_hypo	p_tsh	p_ft4
1:19505747	1	19505747	A	G	TSH	straight|straight|straight	-0.011337	0.0124281	-0.081	-0.1162	0.0345	0.0074	0.0029	0.0043	1.109e-27	0	7.521e-16
4:148709432	4	148709432	A	G	TSH	straight|straight|straight	0.000835	0.0141672	-0.1255	-0.1201	0.004	0.008	0.0029	0.0045	1.578e-55	0	0.368
5:77180867	5	77180867	T	G	甲减;TSH	straight|straight|straight	-0.005906	0.0128279	-0.0772	-0.1287	0.0214	0.0072	0.0031	0.0047	5.858e-27	0	4.468e-06
5:77219999	5	77219999	A	G	TSH	straight|straight|straight	0.014039	0.0095745	-0.0866	-0.1446	0.0274	0.0053	0.0022	0.0032	1.089e-60	0	3.519e-17
6:32668717	6	32668717	A	G	甲减	straight|straight|straight	0.018214	0.0127703	-0.2044	-0.0331	0.0103	0.0054	0.0024	0.0038	2.89e-314	2.761e-44	0.006274
6:43838598	6	43838598	C	T	甲减;TSH	straight|straight|straight	0.010005	0.0105966	0.0735	0.0923	-0.0238	0.0057	0.0023	0.0035	8.764e-38	0	1.278e-11
6:165630374	6	165630374	G	A	甲减;TSH;FT4	straight|straight|straight	-0.000598	0.0100817	-0.0755	-0.1236	0.0222	0.0058	0.0023	0.0035	2.791e-38	0	1.744e-10
9:97775173	9	97775173	G	A	甲减	straight|straight|straight	0.012328	0.0101513	0.2406	0.0309	0.0633	0.0057	0.0022	0.0034	0.0	3.11e-43	9.978e-77
16:79668474	16	79668474	C	T	TSH	straight|straight|straight	0.010182	0.0105173	-0.0304	-0.0879	0.0105	0.0056	0.0022	0.0034	6.154e-08	0	0.001918
14:36269155	14	36269155	A	G	甲减;TSH;FT4	straight|straight|straight	0.08867	0.0378807	-0.1301	-0.197	0.0729	0.0148	0.0058	0.0088	1.173e-18	6.1e-257	9.241e-17
2:216754530	2	216754530	G	A	TSH	straight|straight|straight	-0.04865	0.0132689	0.0552	0.0993	-0.0286	0.0067	0.0029	0.0056	2.097e-16	2.8e-251	3.509e-07
12:111446804	12	111446804	A	G	甲减;TSH	straight|straight|straight	0.064208	0.0105173	0.1748	0.0352	0.0026	0.0052	0.0021	0.0032	9.13e-245	1.878e-62	0.4139
11:45207135	11	45207135	A	G	TSH	straight|straight|straight	-0.016428	0.0105803	-0.0172	-0.0725	0.0148	0.0057	0.0023	0.0035	0.002576	2.92e-215	2.58e-05
6:31114212	6	31114212	C	T	甲减	straight|straight|straight	0.02706	0.0104413	0.1698	0.0272	-0.006	0.0054	0.0023	0.0035	2.48e-213	3.673e-32	0.08093
15:49526775	15	49526775	A	G	TSH	straight|straight|straight	0.012051	0.0102925	-0.0144	-0.0739	0.0349	0.0058	0.0024	0.0036	0.01222	5.85e-212	1.369e-22
1:107813097	1	107813097	A	G	TSH	straight|straight|straight	-0.021035	0.0146854	0.2087	0.1126	-0.0197	0.0109	0.0037	0.0055	7.049e-82	7.24e-208	0.0003709
1:61141260	1	61141260	A	C	TSH	straight|straight|straight	0.01695	0.0222405	-0.0477	-0.1519	0.0442	0.0146	0.0052	0.0077	0.001079	3.6e-190	1.033e-08
8:132871660	8	132871660	A	C	TSH;FT4	straight|straight|straight	0.037978	0.0385553	0.0801	-0.1813	0.0542	0.0157	0.0062	0.0095	3.607e-07	6.14e-186	1.182e-08
6:43937043	6	43937043	A	G	甲减;TSH;FT4	straight|straight|straight	-0.004043	0.010878	-0.0468	-0.0708	0.0219	0.0063	0.0025	0.0037	8.382e-14	1.58e-180	3.018e-09
14:93097224	14	93097224	C	A	TSH	straight|straight|straight	0.001174	0.0125715	-0.0726	-0.0772	0.0308	0.0067	0.0028	0.0042	1.816e-27	1.58e-169	3.812e-13
15:88568379	15	88568379	T	C	TSH	straight|straight|straight	0.001504	0.0101295	-0.0401	-0.0592	0.0215	0.0056	0.0023	0.0034	7.807e-13	3.53e-150	3.564e-10
12:96190080	12	96190080	C	T	甲减;TSH	straight|straight|straight	-0.004453	0.0441996	-0.1082	-0.1785	0.0323	0.0185	0.0069	0.0107	4.734e-09	1.42e-148	0.002521
19:7222644	19	7222644	A	G	TSH	straight|straight|straight	0.002245	0.0093431	0.0502	0.0538	-0.0154	0.0053	0.0021	0.0032	2.154e-21	9.94e-141	1.905e-06
2:203835966	2	203835966	T	C	甲减;TSH	straight|straight|straight	0.012918	0.0097407	-0.136	-0.0134	0.0025	0.0054	0.0022	0.0033	1.74e-137	5.095e-10	0.454
17:72125967	17	72125967	T	C	TSH	straight|straight|straight	-0.000247	0.0095842	0.0177	0.0527	-0.0079	0.0053	0.0021	0.0032	0.0008561	3.48e-137	0.0131
1:19333999	1	19333999	A	G	TSH	straight|straight|straight	0.007826	0.0092562	-0.0493	-0.0515	0.0131	0.0053	0.0021	0.0032	7.795e-21	2.52e-127	4.669e-05
8:32580459	8	32580459	T	C	TSH	straight|straight|straight	-0.003351	0.0102523	0.031	0.0563	-0.0242	0.0058	0.0024	0.0036	7.576e-08	6.67e-124	1.73e-11
10:99514301	10	99514301	A	G	TSH	straight|straight|straight	0.00169	0.0092442	0.0507	0.0498	-0.0201	0.0052	0.0021	0.0032	2.979e-22	2.23e-122	2.961e-10
14:104757188	14	104757188	A	G	TSH	straight|straight|straight	0.003361	0.0094832	0.032	0.0473	-0.0155	0.0052	0.0021	0.0032	1.135e-09	4.31e-109	1.465e-06
3:12188938	3	12188938	T	C	甲减;TSH	straight|straight|straight	0.00685	0.0107878	0.0712	0.0527	-0.0031	0.006	0.0024	0.0037	2.075e-32	2.82e-105	0.4009
20:22610551	20	22610551	A	G	TSH	straight|straight|straight	-0.018367	0.0114016	-0.0664	-0.0558	0.014	0.0065	0.0026	0.0039	1.792e-24	9.88e-105	0.0002909
14:81123462	14	81123462	G	A	TSH	straight|straight|straight	0.000584	0.0105727	-0.0288	-0.0534	-0.0056	0.0064	0.0025	0.0038	5.867e-06	1.82e-100	0.1415
3:185790803	3	185790803	A	G	TSH	straight|straight|straight	-0.014488	0.00972	0.0437	0.0484	-0.0109	0.0057	0.0023	0.0034	1.451e-14	1.39e-99	0.00147
9:4287466	9	4287466	C	T	TSH	straight|straight|straight	0.001522	0.0092898	-0.0453	-0.0447	0.0208	0.0052	0.0021	0.0032	4.326e-18	2.31e-99	6.593e-11
1:113738095	1	113738095	C	A	甲减	straight|straight|straight	-0.01513	0.0096157	-0.1114	-0.0046	0.0061	0.0053	0.0022	0.0033	6.94e-98	0.03808	0.06466
2:1403856	2	1403856	A	G	甲减;TSH	straight|straight|straight	-0.006587	0.0092953	0.1094	0.0281	-0.0302	0.0052	0.0021	0.0033	2.07e-96	3.792e-39	2.185e-20
10:8534506	10	8534506	A	G	甲减;TSH	straight|straight|straight	-0.001438	0.013019	-0.0567	-0.0553	-0.008	0.0068	0.0028	0.0042	9.468e-17	1.721e-88	0.05642
3:188405190	3	188405190	A	G	甲减	straight|straight|straight	-0.001621	0.009405	-0.105	-0.0177	-0.0017	0.0053	0.0021	0.0032	1.33e-86	6.023e-17	0.5939
5:77471571	5	77471571	A	G	TSH	straight|straight|straight	0.011601	0.0206773	0.0166	-0.02	0.0007	0.0278	0.0103	0.0147	0.5491	0.05263	0.9638
2:43411808	2	43411808	C	T	TSH	straight|straight|straight	0.004842	0.0099862	0.0245	0.0418	-0.0105	0.0055	0.0022	0.0034	8.701e-06	4.395e-79	0.001948
14:80989065	14	80989065	G	A	TSH	straight|straight|straight	-0.011523	0.0165538	-0.0809	-0.0707	0.0244	0.0093	0.0038	0.0056	3.491e-18	9.576e-79	1.588e-05
6:87095874	6	87095874	A	G	TSH	straight|straight|straight	0.003806	0.0101491	0.0222	0.044	0.0197	0.0058	0.0024	0.0035	0.0001298	6.082e-78	2.965e-08
11:115182291	11	115182291	C	T	TSH	straight|straight|straight	0.004252	0.0094637	0.0383	0.0379	-0.0052	0.0053	0.0021	0.0032	2.897e-13	2.397e-71	0.1065
6:90280331	6	90280331	C	T	甲减;TSH	straight|straight|straight	0.018813	0.0094962	-0.0926	-0.0153	0.0091	0.0053	0.0022	0.0033	2.006e-68	1.627e-12	0.005394
12:460779	12	460779	T	C	TSH	straight|straight|straight	0.001962	0.0104858	0.0289	0.0382	-0.0039	0.0053	0.0022	0.0034	6.259e-08	2.07e-67	0.2502
16:14306156	16	14306156	A	G	甲减;TSH	straight|straight|straight	0.022541	0.0097635	0.0321	0.0374	-0.0172	0.0054	0.0022	0.0032	2.162e-09	2.275e-67	1.221e-07
9:136197871	9	136197871	C	A	FT4	straight|straight|straight	-0.010722	0.0103924	0.003	0.0119	0.0568	0.0053	0.0022	0.0033	0.5729	3.428e-08	1.697e-65
17:72382516	17	72382516	T	C	TSH	straight|straight|straight	0.000321	0.009695	0.0245	0.037	-0.0066	0.0054	0.0022	0.0033	5.929e-06	5.295e-64	0.04491
1:50851702	1	50851702	A	C	TSH	straight|straight|straight	-0.003353	0.0102947	0.0179	0.0375	-0.0172	0.006	0.0023	0.0034	0.002926	2.055e-59	6.151e-07
17:61252234	17	61252234	C	T	TSH	straight|straight|straight	-0.008825	0.0256764	0.0786	0.0854	0.0075	0.013	0.0053	0.0078	1.538e-09	4.182e-59	0.3363
16:3969349	16	3969349	A	G	甲减;TSH	straight|straight|straight	-0.00084	0.0113212	-0.04	-0.0454	0.0007	0.0068	0.0028	0.0043	3.225e-09	3.45e-58	0.868
22:37195278	22	37195278	T	C	甲减	straight|straight|straight	0.005453	0.0093615	0.0845	0.0075	-0.0084	0.0053	0.0021	0.0032	1.76e-57	0.0004652	0.009421
13:24212247	13	24212247	A	G	甲减	straight|straight|straight	-0.009215	0.0107987	0.0914	0.0368	-0.0146	0.0057	0.0024	0.0036	3.233e-57	2.693e-53	6.306e-05
11:95578258	11	95578258	C	T	甲减	straight|straight|straight	0.017121	0.0122608	0.1075	0.0044	-0.0004	0.0068	0.0028	0.0043	8.322e-56	0.1191	0.925
8:69452773	8	69452773	T	C	TSH	straight|straight|straight	-0.008913	0.0097537	0.0008	0.0359	-0.0109	0.0057	0.0023	0.0035	0.8864	2.549e-53	0.001805
17:45822715	17	45822715	A	G	TSH	straight|straight|straight	0.046241	0.0135133	0.0488	0.0407	-0.0052	0.0072	0.0027	0.0041	1.156e-11	1.009e-51	0.1974
1:218481392	1	218481392	A	G	TSH	straight|straight|straight	-0.005396	0.009392	0.0364	-0.0326	0.0009	0.0053	0.0022	0.0033	9.279e-12	5.337e-51	0.7887
6:166972858	6	166972858	A	G	甲减	straight|straight|straight	0.006119	0.0094854	0.0817	0.0131	-0.0036	0.0055	0.0023	0.0034	2.385e-49	7.983e-09	0.2914
1:67707581	1	67707581	T	C	TSH	straight|straight|straight	0.000146	0.0092095	-0.0667	-0.021	0.0448	0.0666	0.0287	0.0459	0.3159	0.464	0.3283
2:191060698	2	191060698	A	G	甲减	straight|straight|straight	0.000941	0.0115949	0.0913	0.0134	-0.0044	0.0063	0.0027	0.0041	3.401e-48	5.992e-07	0.2845
10:62029259	10	62029259	A	G	甲减	straight|straight|straight	0.006908	0.0113407	0.0913	0.0046	0.0062	0.0065	0.0026	0.0039	2.233e-45	0.07592	0.1169
9:16212994	9	16212994	G	A	TSH	straight|straight|straight	0.013448	0.0093127	0.0274	0.0308	-0.0067	0.0053	0.0022	0.0033	2.714e-07	3.836e-45	0.04265
7:46687365	7	46687365	A	G	TSH	straight|straight|straight	0.007598	0.0097265	-0.0247	-0.0306	0.0055	0.0055	0.0022	0.0033	7.731e-06	3.921e-45	0.09533
18:59513299	18	59513299	C	T	TSH	straight|straight|straight	0.004615	0.0095799	-0.0382	-0.0297	0.0154	0.0053	0.0021	0.0032	5.457e-13	3.5e-44	1.738e-06
14:81253197	14	81253197	C	T	TSH	straight|straight|straight	-0.021892	0.0156739	-0.0326	-0.0467	0.006	0.0082	0.0034	0.0052	7.58e-05	1.711e-43	0.2414
2:25864245	2	25864245	A	G	TSH	straight|straight|straight	-0.074642	0.0269212	0.0521	0.0813	-0.0005	0.0162	0.0059	0.0092	0.00126	1.237e-42	0.9557
17:66194876	17	66194876	A	G	TSH	straight|straight|straight	-0.021814	0.0175173	-0.0241	-0.055	0.0103	0.0096	0.0041	0.0062	0.01174	9.217e-42	0.09792
14:36204186	14	36204186	A	G	甲减;TSH;FT4	straight|straight|straight	0.012691	0.0098645	-0.031	-0.0294	0.0183	0.0054	0.0022	0.0033	8.648e-09	2.119e-41	3.051e-08
6:32212464	6	32212464	A	G	甲减	straight|straight|straight	-0.044224	0.0171002	0.1185	0.042	-0.0239	0.0088	0.0039	0.0059	6.744e-41	1.774e-27	4.997e-05
5:698921	5	698921	C	T	TSH	straight|straight|straight	-0.043118	0.0167787	0.0459	0.0358	-0.002	0.0081	0.0027	0.0065	1.35e-08	1.856e-40	0.7617
8:23383137	8	23383137	A	G	TSH	straight|straight|straight	-0.007644	0.0134525	-0.0217	-0.0385	0.0066	0.0073	0.0029	0.0044	0.002875	7.946e-40	0.1359
2:12504610	2	12504610	A	G	甲减	straight|straight|straight	0.010418	0.0095256	-0.0707	-0.0085	-0.0014	0.0054	0.0022	0.0033	9.917e-40	8.026e-05	0.6762
12:56023144	12	56023144	G	T	甲减	straight|straight|straight	0.002763	0.0102306	0.0726	0.0161	-0.01	0.0055	0.0022	0.0034	1.094e-39	7.036e-13	0.003133
9:124327496	9	124327496	C	T	甲减	straight|straight|straight	-0.007087	0.0096114	0.0695	0.0302	-0.0218	0.0054	0.0022	0.0033	2.239e-38	2.74e-43	4.109e-11
8:8462781	8	8462781	C	T	甲减;TSH	straight|straight|straight	-0.015451	0.0097396	0.0684	0.0255	-0.0073	0.0053	0.0022	0.0032	2.277e-38	3.229e-31	0.02504
13:79963943	13	79963943	C	T	TSH	straight|straight|straight	-0.002572	0.0106108	-0.0244	-0.0307	0.0085	0.006	0.0024	0.0037	4.908e-05	1.425e-36	0.02062
15:40566619	15	40566619	T	C	TSH	straight|straight|straight	0.001609	0.0097417	-0.0019	-0.0267	0.0138	0.0053	0.0021	0.0032	0.7234	2.45e-36	1.83e-05
2:219161647	2	219161647	T	G	TSH	straight|straight|straight	-0.006075	0.0098515	0.0259	0.028	-0.0126	0.0055	0.0022	0.0043	2.875e-06	4.958e-36	0.00325
10:6064303	10	6064303	A	G	甲减	straight|straight|straight	-0.003202	0.0091986	-0.0649	-0.0069	-0.0023	0.0053	0.0021	0.0032	5.923e-35	0.001189	0.4862
6:148216600	6	148216600	A	G	甲减;TSH	straight|straight|straight	0.002049	0.0103501	0.0716	0.0288	-0.0042	0.006	0.0024	0.0036	2.93e-33	4.856e-33	0.2424
3:149500029	3	149500029	T	C	甲减;TSH	straight|straight|straight	-0.005614	0.0100198	-0.0379	-0.0253	0.0051	0.0054	0.0021	0.0032	1.732e-12	1.339e-32	0.1115
13:50595874	13	50595874	A	G	TSH	straight|straight|straight	-0.016661	0.0113527	0.0366	0.0301	-0.0125	0.006	0.0025	0.0039	1.499e-09	3.598e-32	0.001397
4:170069599	4	170069599	G	A	FT4	straight|straight|straight	-0.00395	0.0179258	0.0105	-0.0094	-0.0625	0.0096	0.0035	0.0053	0.2714	0.007998	5.911e-32
4:186090335	4	186090335	A	G	甲减	straight|straight|straight	-4.6e-05	0.0098775	-0.0653	-0.0126	0.004	0.0056	0.0022	0.0034	1.469e-31	1.927e-08	0.2363
5:103269232	5	103269232	C	A	甲减	straight|straight|straight	-0.01816	0.0105163	-0.065	-0.0075	0.0022	0.0056	0.0023	0.0034	1.11e-30	0.001061	0.5282
5:134088103	5	134088103	A	G	甲减	straight|straight|straight	0.016039	0.0117209	0.0785	0.0122	-0.001	0.0068	0.0032	0.0048	1.553e-30	0.0001107	0.8302
2:168709955	2	168709955	T	C	TSH	straight|straight|straight	-0.036355	0.0245999	-0.0571	-0.0655	0.0141	0.0137	0.0057	0.0085	2.977e-05	2.618e-30	0.09861
9:3900857	9	3900857	C	T	TSH	straight|straight|straight	0.008007	0.0230465	-0.0395	-0.059	0.0182	0.0119	0.0052	0.008	0.000918	4.815e-30	0.02231
17:7331664	17	7331664	T	C	甲减	straight|straight|straight	-0.026885	0.0128811	0.0694	0.0083	-0.0012	0.0062	0.0025	0.0039	2.752e-29	0.001045	0.7499
2:241581385	2	241581385	T	C	TSH	straight|straight|straight	0.019794	0.0145822	0.0376	0.0433	0.0095	0.0083	0.0039	0.0061	6.477e-06	7.192e-29	0.1225
4:121688003	4	121688003	A	G	TSH	straight|straight|straight	-0.002265	0.0106053	0.0129	0.0259	-0.0085	0.0058	0.0023	0.0035	0.02585	8.315e-29	0.01536
4:10721634	4	10721634	T	C	甲减	straight|straight|straight	0.00713	0.0092116	-0.0581	-0.0067	0.0031	0.0052	0.0021	0.0032	1.037e-28	0.001599	0.3386
5:58914934	5	58914934	C	T	TSH	straight|straight|straight	-0.007317	0.0290645	0.0535	0.0621	-0.0114	0.013	0.0057	0.0086	3.666e-05	6.073e-28	0.1843
17:49345148	17	49345148	A	G	TSH	straight|straight|straight	0.041765	0.0098667	0.0299	0.0239	0.0044	0.0053	0.0022	0.0033	2.072e-08	6.182e-28	0.18
4:26086506	4	26086506	G	A	甲减	straight|straight|straight	-0.003786	0.0109953	-0.0623	-0.0046	0.011	0.0057	0.0023	0.0035	7.305e-28	0.04882	0.0017
6:412802	6	412802	A	G	甲减	straight|straight|straight	0.007733	0.0093442	0.0571	0.009	-0.0027	0.0053	0.0022	0.0033	2.218e-27	3.317e-05	0.4033
20:5831736	20	5831736	T	C	TSH	straight|straight|straight	0.016079	0.0099525	0.0179	0.0252	0.0027	0.0057	0.0023	0.0035	0.001544	2.95e-27	0.4497
20:32718413	20	32718413	A	G	TSH	straight|straight|straight	-0.001817	0.0106651	-0.0282	0.0302	0.0281	0.0259	0.0103	0.0168	0.2759	0.003306	0.09368
2:217372714	2	217372714	C	T	TSH	straight|straight|straight	0.020434	0.0103153	-0.0205	-0.0231	0.0085	0.0052	0.0021	0.0041	8.6e-05	4.875e-27	0.04037
10:62295039	10	62295039	C	T	甲减	straight|straight|straight	0.010156	0.0099688	0.0575	0.014	-0.0062	0.0054	0.0023	0.0033	1.671e-26	9.87e-10	0.05939
6:134174974	6	134174974	T	C	TSH	straight|straight|straight	-0.019971	0.0102067	0.017	-0.0249	0.0118	0.0057	0.0023	0.0036	0.002808	3.092e-26	0.0009704
19:55276501	19	55276501	A	G	甲减;TSH	straight|straight|straight	-0.004744	0.0100894	-0.0318	-0.0228	0.0026	0.0053	0.0022	0.0033	1.991e-09	3.151e-26	0.4236
7:2289862	7	2289862	T	C	TSH	straight|straight|straight	0.00196	0.00982	-0.0113	-0.0226	-0.0017	0.0054	0.0022	0.0033	0.03599	1.037e-25	0.599
12:69434754	12	69434754	C	T	TSH	straight|straight|straight	-0.003825	0.0098449	0.0036	0.0233	-0.0016	0.0055	0.0022	0.0034	0.5158	1.33e-25	0.6319
2:151522440	2	151522440	G	A	TSH	straight|straight|straight	-0.003898	0.0096396	0.0175	0.0228	-0.0059	0.0054	0.0022	0.0033	0.001221	1.769e-25	0.07472
16:4100689	16	4100689	T	C	TSH	straight|straight|straight	0.023413	0.0127475	0.0126	0.034	-0.0032	0.008	0.0033	0.0049	0.1173	5.053e-25	0.5099
19:18277573	19	18277573	A	G	甲减	straight|straight|straight	0.002432	0.0099112	0.0567	0.0126	0.0027	0.0055	0.0022	0.0033	7.185e-25	1.235e-08	0.426
3:106209750	3	106209750	T	C	甲减	straight|straight|straight	0.005836	0.0106021	-0.0656	-0.0101	0.0039	0.0064	0.0025	0.0038	1.049e-24	5.375e-05	0.3063
22:30027471	22	30027471	A	G	甲减	straight|straight|straight	-0.002733	0.0094789	-0.0554	-0.0064	0.0003	0.0054	0.0022	0.0033	1.671e-24	0.003683	0.939
10:24134101	10	24134101	C	T	TSH	straight|straight|straight	0.00074	0.0095712	0.0196	0.0212	-0.0096	0.0053	0.0021	0.0032	0.000199	2.874e-23	0.002977
8:65976651	8	65976651	A	G	TSH	straight|straight|straight	-0.010018	0.0100166	-0.0045	-0.0219	0.0047	0.0056	0.0022	0.0034	0.4186	6.489e-23	0.1599
1:207002810	1	207002810	T	C	甲减;TSH	straight|straight|straight	0.016433	0.0099644	-0.0532	-0.0222	0.0093	0.0056	0.0023	0.0034	2.498e-21	1.129e-22	0.005814
8:80445467	8	80445467	T	C	TSH	straight|straight|straight	-0.004911	0.0101991	0.0268	0.0229	-0.0038	0.0059	0.0023	0.0035	4.858e-06	1.305e-22	0.2813
15:66764823	15	66764823	T	C	TSH	straight|straight|straight	-0.019089	0.0113972	0.0026	0.0247	-0.0055	0.0064	0.0025	0.0038	0.6865	1.532e-22	0.1496
18:13566356	18	13566356	G	A	TSH	straight|straight|straight	0.005416	0.0122032	-0.0122	-0.0273	0.0009	0.0089	0.0028	0.0042	0.1706	2.075e-22	0.8286
4:40418420	4	40418420	A	G	TSH	straight|straight|straight	0.001458	0.0100546	0.0059	0.0233	0.0097	0.0058	0.0024	0.0036	0.3065	2.126e-22	0.00694
7:80353049	7	80353049	A	G	TSH	straight|straight|straight	0.002139	0.0139902	-0.0413	-0.0303	-0.0087	0.0079	0.0031	0.0047	1.856e-07	2.437e-22	0.06384
5:35841347	5	35841347	G	A	甲减	straight|flip|flip	-0.008461	0.0103902	-0.224	-0.0071	0.0059	0.3168	0.0022	0.0034	0.4795	0.001467	0.08057
2:15818671	2	15818671	T	C	TSH	straight|straight|straight	-0.019553	0.0104022	-0.0123	-0.0219	0.0107	0.0058	0.0023	0.0034	0.03443	2.699e-22	0.001856
11:2157100	11	2157100	A	G	TSH	straight|straight|straight	0.003341	0.0118307	-0.0202	-0.0246	0.0077	0.0062	0.0025	0.0038	0.001127	2.814e-22	0.04483
1:33310172	1	33310172	T	C	TSH	straight|straight|straight	-0.010754	0.0108269	0.0044	0.0238	-0.0004	0.0062	0.0025	0.0037	0.484	8.09e-22	0.9048
19:31383859	19	31383859	T	C	TSH	straight|straight|straight	-0.007943	0.0096624	-0.0223	-0.0203	0.0031	0.0053	0.0021	0.0032	2.621e-05	1.502e-21	0.3409
11:129779518	11	129779518	C	T	TSH	straight|straight|straight	0.006192	0.0111072	0.0118	0.0239	-0.0003	0.0064	0.0025	0.0038	0.06555	2.218e-21	0.9323
14:101526674	14	101526674	A	G	FT4	straight|straight|straight	0.002777	0.0106184	0.0032	0.0044	0.0333	0.0056	0.0023	0.0035	0.5657	0.05806	2.586e-21
3:25520579	3	25520579	A	G	TSH	straight|straight|straight	-0.015816	0.0213942	0.0398	0.0438	-0.0061	0.0117	0.0046	0.007	0.0006778	3.871e-21	0.3813
11:57434711	11	57434711	T	C	TSH	straight|straight|straight	0.008071	0.0107976	-0.0288	-0.0224	0.0075	0.0059	0.0024	0.0036	9.563e-07	4.241e-21	0.0375
16:50715576	16	50715576	A	G	甲减	straight|straight|straight	0.003255	0.0514157	0.1824	0.0079	-0.0168	0.0195	0.0095	0.0149	8.026e-21	0.4055	0.261
1:167463819	1	167463819	A	G	甲减	straight|straight|straight	0.001227	0.0098743	-0.0514	-0.0049	0.0001	0.0055	0.0022	0.0033	1.25e-20	0.02681	0.9696
14:68261762	14	68261762	A	G	甲减	straight|straight|straight	0.02679	0.0108335	0.054	0.0124	-0.0061	0.0058	0.0023	0.0036	1.301e-20	1.141e-07	0.08798
12:516999	12	516999	A	G	TSH	straight|straight|straight	-0.0191	0.0202189	-0.0306	-0.0438	-0.0013	0.0117	0.0048	0.0072	0.009098	3.172e-20	0.8511
11:111778085	11	111778085	T	C	TSH	straight|straight|straight	0.005521	0.009695	-0.0319	-0.0199	0.008	0.0054	0.0022	0.0033	3.724e-09	7.531e-20	0.01579
4:55045258	4	55045258	A	G	TSH	straight|straight|straight	0.002337	0.0107802	0.018	0.0198	0.0033	0.0054	0.0022	0.0034	0.0009259	4.099e-19	0.3262
15:35670198	15	35670198	A	G	TSH	straight|straight|straight	0.046457	0.0217918	0.0259	0.0406	-0.0109	0.0106	0.0046	0.0067	0.01502	5.374e-19	0.105
12:103495253	12	103495253	A	G	甲减	straight|straight|straight	-0.005183	0.0099764	0.049	0.0011	0.0023	0.0055	0.0023	0.0035	7.948e-19	0.6255	0.5114
19:47061386	19	47061386	G	A	TSH	straight|straight|straight	-0.024362	0.0110496	-0.022	-0.0203	0.0163	0.0055	0.0023	0.0035	7.003e-05	9.135e-19	4.201e-06
1:2562891	1	2562891	C	T	甲减	straight|straight|straight	-0.018002	0.0134394	-0.0677	-0.0144	0.0024	0.0077	0.0031	0.0047	1.158e-18	3.697e-06	0.6139
18:79427165	18	79427165	C	T	甲减	straight|straight|straight	-0.007057	0.0102469	0.0471	0.0018	-0.0039	0.0053	0.0022	0.0033	1.24e-18	0.4247	0.2384
1:168706733	1	168706733	A	G	甲减;TSH	straight|straight|straight	0.000381	0.0091823	0.0336	0.0188	-0.0048	0.0052	0.0021	0.0032	1.527e-10	1.251e-18	0.1387
9:106876781	9	106876781	G	A	TSH	straight|straight|straight	0.009907	0.0095734	0.0148	-0.0193	0.028	0.0055	0.0022	0.0033	0.007567	1.472e-18	3.177e-17
11:68794860	11	68794860	A	G	TSH	straight|straight|straight	0.024023	0.0227738	-0.0163	-0.0334	0.0049	0.0086	0.0038	0.0063	0.0566	1.763e-18	0.431
6:139942777	6	139942777	A	G	TSH	straight|straight|straight	-0.034472	0.0094626	0.0031	0.0187	-0.0039	0.0052	0.0021	0.0032	0.5558	1.997e-18	0.224
10:99510547	10	99510547	C	T	TSH	straight|straight|straight	0.00179	0.0150634	0.0154	0.0274	-0.0139	0.0078	0.0031	0.0049	0.04681	2.151e-18	0.004159
8:119083188	8	119083188	A	G	TSH	straight|straight|straight	-0.023541	0.0167689	0.0482	0.0329	-0.0202	0.0094	0.0038	0.0056	2.819e-07	2.17e-18	0.0003395
1:200788840	1	200788840	A	G	甲减	straight|straight|straight	0.029134	0.0140814	0.0682	0.0041	-0.0029	0.0078	0.0033	0.005	2.243e-18	0.2191	0.565
8:69502074	8	69502074	G	A	TSH	straight|straight|straight	-0.002669	0.0098764	0.0038	0.0193	-0.0093	0.0055	0.0022	0.0034	0.4904	4.331e-18	0.005369
12:12427211	12	12427211	A	G	TSH	straight|straight|straight	-0.00846	0.0101643	0.0289	0.0193	-0.0047	0.007	0.0022	0.0033	4.168e-05	4.629e-18	0.1548
16:80150598	16	80150598	G	A	TSH	straight|straight|straight	0.011079	0.0101643	0.0034	-0.0186	0.0065	0.0053	0.0022	0.0033	0.5252	5.313e-18	0.04576
8:32524747	8	32524747	G	T	TSH	straight|straight|straight	-0.003398	0.0106032	-0.0185	-0.0207	0.0078	0.0061	0.0024	0.0036	0.002472	6.368e-18	0.03136
2:162272314	2	162272314	A	G	甲减	straight|straight|straight	-0.027912	0.010274	-0.0495	-0.0096	0.0005	0.0058	0.0024	0.0037	1.001e-17	5.825e-05	0.8991
3:39265671	3	39265671	C	T	甲减	straight|straight|straight	0.006379	0.0133601	-0.059	-0.0039	-0.0009	0.0069	0.0028	0.0042	1.181e-17	0.1642	0.8343
3:24915462	3	24915462	G	A	TSH	straight|straight|straight	-0.003985	0.0094365	-0.0097	-0.0181	0.0022	0.0053	0.0021	0.0032	0.06615	1.389e-17	0.5032
1:156815190	1	156815190	C	T	甲减	straight|straight|straight	-0.013102	0.0098449	-0.046	-0.0025	0.0005	0.0054	0.0022	0.0033	2.093e-17	0.2705	0.8819
13:110541325	13	110541325	C	T	TSH	straight|straight|straight	-0.001224	0.0101915	0.0486	0.0204	-0.006	0.0062	0.0024	0.0036	2.681e-15	2.286e-17	0.09919
10:122389836	10	122389836	A	G	甲减	straight|straight|straight	0.016059	0.0097711	-0.0465	-0.0109	0.0043	0.0055	0.0021	0.0032	2.625e-17	3.434e-07	0.1805
10:88070559	10	88070559	A	G	TSH	straight|straight|straight	-0.015349	0.0096005	-0.0347	-0.0179	0.0054	0.0053	0.0021	0.0032	6.419e-11	3.729e-17	0.09363
6:18426344	6	18426344	A	G	TSH	straight|straight|straight	0.011839	0.0123151	-0.0188	-0.024	0.0081	0.0071	0.0029	0.0043	0.008504	4.836e-17	0.05786
10:6350045	10	6350045	A	G	甲减	straight|straight|straight	-0.007556	0.0134796	-0.0623	-0.0041	0.0015	0.0075	0.0029	0.0044	9.903e-17	0.1665	0.7283
16:23287204	16	23287204	G	A	TSH	straight|straight|straight	-0.01517	0.0153763	-0.0035	-0.0332	0.0125	0.0108	0.004	0.006	0.7484	1.125e-16	0.03717
16:67540505	16	67540505	A	G	甲减	straight|straight|straight	0.010878	0.0260837	-0.1049	-0.034	-0.0069	0.0126	0.0052	0.0079	1.128e-16	7.521e-11	0.3788
19:2615028	19	2615028	A	G	TSH	straight|straight|straight	-0.002276	0.0235103	0.0145	0.0292	-0.0096	0.0083	0.0035	0.0057	0.07942	1.166e-16	0.09104
7:129081723	7	129081723	G	A	甲减	straight|straight|straight	-0.030046	0.0137045	0.0602	0.0058	-0.0007	0.0073	0.003	0.0046	1.434e-16	0.05415	0.8714
5:139474618	5	139474618	A	C	甲减	straight|straight|straight	-0.019333	0.0108324	-0.0489	-0.0063	0.0033	0.0059	0.0025	0.0037	1.575e-16	0.01093	0.3703
6:63497270	6	63497270	A	G	TSH	straight|straight|straight	-0.0028	0.009204	0.0232	0.0175	-0.0043	0.0053	0.0021	0.0032	1.14e-05	1.885e-16	0.1785
12:120926521	12	120926521	C	T	TSH	straight|straight|straight	0.017829	0.0107346	0.023	0.015	0.0162	0.0113	0.0047	0.007	0.04171	0.001333	0.0209
7:127320219	7	127320219	G	A	TSH	straight|straight|straight	-0.005364	0.0360764	0.0566	0.0459	0.0121	0.013	0.0056	0.0088	1.37e-05	3.158e-16	0.1681
19:8271705	19	8271705	A	G	TSH	straight|straight|straight	0.000441	0.0326742	0.0384	0.0477	0.0014	0.0133	0.0058	0.0096	0.003903	3.295e-16	0.883
3:36964905	3	36964905	A	G	甲减	straight|straight|straight	-0.008084	0.0097439	0.043	0.0074	0.0051	0.0053	0.0021	0.0032	6.767e-16	0.0004723	0.1123
18:69861194	18	69861194	G	A	甲减	straight|straight|straight	0.016026	0.0093768	0.0422	0.0055	-0.0034	0.0052	0.0021	0.0032	6.821e-16	0.009221	0.285
2:216741867	2	216741867	T	C	TSH	straight|straight|straight	0.013327	0.0298868	0.0277	0.0466	-0.0122	0.0156	0.0058	0.0113	0.07594	8.394e-16	0.2808
7:16646245	7	16646245	T	C	TSH	straight|straight|straight	-0.00514	0.0098916	-0.0104	-0.0174	0.0036	0.0053	0.0022	0.0033	0.05023	8.99e-16	0.2788
2:134895785	2	134895785	A	G	FT4	straight|straight|straight	0.011403	0.009833	0.0034	-0.0053	-0.0271	0.0054	0.0022	0.0034	0.5284	0.01663	9.559e-16
10:88233714	10	88233714	C	T	TSH	straight|straight|straight	0.008103	0.0097928	0.0352	0.0184	0.0001	0.0057	0.0023	0.0035	6.537e-10	1.101e-15	0.9764
20:6696481	20	6696481	A	G	TSH	straight|straight|straight	0.016456	0.0095625	0.0084	0.0171	-0.0073	0.0053	0.0022	0.0033	0.1164	1.826e-15	0.02568
2:168642842	2	168642842	A	G	TSH	straight|straight|straight	0.00746	0.0117459	0.021	0.0229	0.0073	0.0071	0.0029	0.0044	0.003071	1.977e-15	0.09739
7:26851481	7	26851481	T	C	甲减	straight|straight|straight	-0.016043	0.0121316	-0.0513	-0.0034	-0.0029	0.0065	0.0026	0.0039	2.013e-15	0.1811	0.4506
8:109085614	8	109085614	A	G	FT4	straight|straight|straight	0.002018	0.009191	-0.0068	-0.0107	-0.0253	0.0052	0.0021	0.0032	0.1963	4.084e-07	2.846e-15
9:98243353	9	98243353	C	T	甲减	straight|straight|straight	-0.013188	0.0104315	-0.0457	-0.0139	-0.0031	0.0058	0.0024	0.0036	3.396e-15	4.649e-09	0.3816
4:87011493	4	87011493	A	G	甲减	straight|straight|straight	0.001519	0.0126703	0.054	0.0139	-0.008	0.0069	0.0028	0.0041	3.723e-15	5.295e-07	0.05459
20:58891038	20	58891038	G	T	TSH	straight|straight|straight	-0.049422	0.040629	-0.0915	-0.0564	-0.0003	0.0168	0.0072	0.0108	5.172e-08	4.417e-15	0.9761
13:40789459	13	40789459	T	C	TSH	straight|straight|straight	-0.010207	0.0095375	0.0256	0.0167	-0.0102	0.0052	0.0021	0.0032	9.705e-07	5.701e-15	0.001439
3:108745350	3	108745350	A	G	甲减	straight|straight|straight	-0.008832	0.0227141	0.0521	0.0107	-0.0034	0.0067	0.0026	0.0039	9.629e-15	5.013e-05	0.384
2:55643692	2	55643692	C	T	甲减	straight|straight|straight	0.024006	0.0196323	0.0921	0.0144	-0.0198	0.0119	0.0046	0.007	1.037e-14	0.00184	0.004872
7:77680803	7	77680803	A	G	TSH	straight|straight|straight	-3.9e-05	0.010362	-0.0399	-0.0178	-0.0011	0.0058	0.0023	0.0035	5.475e-12	1.318e-14	0.7592
3:139129671	3	139129671	A	G	TSH	straight|straight|straight	0.014226	0.0107639	0.0055	-0.0174	-0.0095	0.0057	0.0023	0.0035	0.3322	2.342e-14	0.005839
13:99384701	13	99384701	T	C	甲减	straight|straight|straight	-0.003743	0.011936	-0.0553	-0.013	0.002	0.0073	0.0028	0.0042	3.171e-14	4.618e-06	0.629
8:133161381	8	133161381	G	A	TSH	straight|straight|straight	-0.00455	0.0095984	-0.0144	-0.0163	0.0078	0.0053	0.0022	0.0033	0.007085	5.717e-14	0.01644
18:26070118	18	26070118	A	G	甲减	straight|straight|straight	-0.014082	0.0110735	-0.0429	-0.0031	0.0069	0.0057	0.0023	0.0035	6.704e-14	0.1848	0.05073
5:157186630	5	157186630	A	G	甲减	straight|straight|straight	0.009233	0.014731	-0.0579	-0.0033	0.0056	0.0078	0.0031	0.0047	1.25e-13	0.2811	0.2279
6:29839913	6	29839913	A	G	甲减	straight|straight|straight	-0.014116	0.0137892	-0.0623	-0.0037	0.0118	0.0084	0.0037	0.0058	1.276e-13	0.324	0.04203
11:14014197	11	14014197	A	G	TSH	straight|straight|straight	-0.002884	0.009493	-0.0101	-0.016	0.0044	0.0054	0.0022	0.0033	0.06042	1.519e-13	0.1787
14:29696165	14	29696165	C	A	FT4	straight|straight|straight	-0.007399	0.0094235	0.0043	0.0042	-0.0238	0.0053	0.0021	0.0032	0.4232	0.05324	2.336e-13
21:42415901	21	42415901	A	G	甲减	straight|straight|straight	-0.014687	0.0099438	-0.0404	-0.0011	0.0061	0.0055	0.0022	0.0033	3.234e-13	0.6113	0.06702
4:102267552	4	102267552	A	G	FT4	straight|straight|straight	-0.00667	0.0223469	-0.0736	-0.0138	0.0489	0.0132	0.0045	0.0067	2.663e-08	0.0023	3.31e-13
16:28814456	16	28814456	A	G	TSH	straight|straight|straight	0.014922	0.0101176	0.0124	-0.0156	-0.0087	0.0053	0.0021	0.0033	0.01908	3.55e-13	0.00761
12:9732930	12	9732930	G	A	TSH	straight|straight|straight	0.006393	0.0092355	0.0693	0.0153	-0.006	0.0052	0.0021	0.0032	4.279e-40	4.18e-13	0.06074
6:100400995	6	100400995	C	T	FT4	straight|straight|straight	0.020918	0.014454	-0.0136	0.0023	0.0342	0.0082	0.0032	0.0047	0.09664	0.4643	4.437e-13
8:51966230	8	51966230	C	T	TSH	straight|straight|straight	0.013524	0.0111376	0.0091	0.0191	-0.0083	0.0065	0.0026	0.004	0.1605	5.22e-13	0.03821
6:139803308	6	139803308	G	A	TSH	straight|straight|straight	0.022651	0.0094017	0.0067	0.0157	0.0054	0.0054	0.0022	0.0033	0.2083	7.661e-13	0.1006
3:119474763	3	119474763	A	G	甲减	straight|straight|straight	-0.001372	0.0113136	0.0447	0.0122	-0.0046	0.0062	0.0027	0.0041	8.889e-13	6.005e-06	0.2579
17:82533867	17	82533867	A	G	TSH	straight|straight|straight	0.026506	0.0103609	0.0348	0.0159	-0.0082	0.0054	0.0022	0.0034	1.572e-10	9.525e-13	0.01469
1:109275216	1	109275216	A	G	TSH	straight|straight|straight	-0.102043	0.0115287	0.005	0.0182	-0.0027	0.0063	0.0026	0.0038	0.4274	1.236e-12	0.4796
4:55087316	4	55087316	C	T	TSH	straight|straight|straight	-0.025803	0.0169677	0.0355	0.024	-0.0065	0.0083	0.0034	0.0051	1.985e-05	1.275e-12	0.2064
1:45571288	1	45571288	A	G	TSH	straight|straight|straight	0.007989	0.0121392	-0.0041	-0.0207	0.0137	0.0073	0.0029	0.0044	0.5716	1.4e-12	0.001901
15:90597358	15	90597358	T	C	TSH	straight|straight|straight	-0.004793	0.011268	0.0165	-0.0188	0.0015	0.0061	0.0027	0.0038	0.006754	1.406e-12	0.6888
18:60194430	18	60194430	A	G	FT4	straight|straight|straight	-0.05472	0.0103479	-0.0285	-0.0029	0.0256	0.0061	0.0024	0.0036	3.286e-06	0.2205	1.436e-12
9:97592093	9	97592093	T	G	甲减	straight|straight|straight	0.018058	0.0188578	-0.0646	-0.0027	-0.0024	0.0091	0.0037	0.0055	1.548e-12	0.4548	0.6623
5:38571479	5	38571479	A	G	TSH	straight|straight|straight	0.007688	0.0096842	-0.0181	-0.016	0.0089	0.0072	0.0023	0.0034	0.01218	1.569e-12	0.008955
4:148911605	4	148911605	C	T	TSH	straight|straight|straight	0.074447	0.0435674	-0.0533	-0.0476	-0.0116	0.0181	0.0068	0.0106	0.003271	1.926e-12	0.2719
6:121594948	6	121594948	G	A	TSH	straight|straight|straight	-0.013314	0.0157489	0.0068	0.028	-0.0146	0.0098	0.004	0.006	0.4848	1.95e-12	0.01466
21:15423099	21	15423099	A	G	甲减	straight|straight|straight	-0.009613	0.0102534	-0.0415	-0.0052	0.0055	0.0059	0.0023	0.0035	2.674e-12	0.02682	0.1202
16:51428912	16	51428912	T	C	TSH	straight|straight|straight	0.012908	0.0105271	-0.0236	-0.016	0.0193	0.0057	0.0023	0.0035	3.593e-05	3.092e-12	3.058e-08
9:4339419	9	4339419	T	C	TSH	straight|straight|straight	-0.094757	0.0380154	0.0333	0.0413	-0.0329	0.0167	0.006	0.0093	0.04565	4.138e-12	0.0003895
2:203954383	2	203954383	G	A	甲减	straight|straight|straight	-0.007065	0.0132548	0.0553	-0.0005	-0.0002	0.008	0.0031	0.0047	4.148e-12	0.8756	0.9593
2:190325879	2	190325879	A	G	甲减	straight|straight|straight	0.000956	0.0097982	0.0369	0.0129	-0.0021	0.0053	0.0021	0.0033	4.323e-12	1.894e-09	0.5267
11:306791	11	306791	A	G	甲减	straight|straight|straight	-0.009853	0.0119925	0.0399	0.0057	0.0027	0.0058	0.0024	0.0036	4.325e-12	0.01558	0.4532
6:109032013	6	109032013	A	G	甲减	straight|straight|straight	0.010393	0.0137208	0.053	0.0042	-0.0038	0.0077	0.0033	0.0049	4.401e-12	0.204	0.4406
2:97756543	2	97756543	A	G	甲减	straight|straight|straight	0.006678	0.0099568	-0.0389	-0.0038	2.2250738585072014e-308	0.0056	0.0023	0.0034	4.438e-12	0.09145	0.9999
1:18874401	1	18874401	A	G	TSH	straight|straight|straight	-0.004368	0.0133004	-0.0216	-0.0173	0.0065	0.0059	0.0025	0.0041	0.0002459	4.733e-12	0.1111
2:62317215	2	62317215	T	C	甲减	straight|straight|straight	0.006294	0.0099394	-0.0371	-0.0006	-0.0018	0.0054	0.0022	0.0033	5.981e-12	0.7949	0.5865
14:53953247	14	53953247	A	G	TSH	straight|straight|straight	-0.014958	0.0094322	-0.016	-0.0145	0.0054	0.0053	0.0021	0.0032	0.002342	8.181e-12	0.09313
10:6424318	10	6424318	A	G	甲减	straight|straight|straight	-0.012023	0.0113473	0.0401	-0.0009	0.0037	0.0059	0.0024	0.0037	1.056e-11	0.7126	0.3188
19:44921921	19	44921921	A	G	TSH	straight|straight|straight	-0.105756	0.0470337	-0.0247	-0.0325	0.0126	0.0125	0.0048	0.0079	0.04839	1.135e-11	0.1097
9:125361055	9	125361055	A	G	甲减	straight|straight|straight	0.008088	0.0092464	-0.0354	-0.0082	2.2250738585072014e-308	0.0052	0.0021	0.0032	1.229e-11	0.0001038	0.9899
6:166929653	6	166929653	A	G	甲减	straight|straight|straight	-0.009831	0.0191457	-0.0185	-0.1085	-0.0857	0.0416	0.1028	0.1743	0.657	0.2913	0.623
1:237046703	1	237046703	A	G	TSH	straight|straight|straight	0.021073	0.0124694	-0.0015	-0.0211	0.0053	0.0084	0.0031	0.0047	0.8581	1.355e-11	0.2595
3:169249535	3	169249535	A	G	TSH	straight|straight|straight	-0.003626	0.0143324	-0.0249	-0.0201	0.0077	0.0072	0.003	0.0045	0.0005815	1.688e-11	0.09141
1:77621033	1	77621033	A	G	甲减	straight|straight|straight	0.07701	0.0232062	0.0614	0.006	-0.0085	0.0091	0.0039	0.006	1.739e-11	0.1245	0.1571
7:139764997	7	139764997	C	T	甲减	straight|straight|straight	-0.031991	0.0116156	-0.0442	-0.0089	-0.0007	0.0066	0.0027	0.0041	2.059e-11	0.001037	0.8729
22:38679140	22	38679140	A	G	甲减	straight|straight|straight	-0.023007	0.0100687	0.0379	0.0168	0.0042	0.0057	0.0023	0.0035	2.378e-11	6.283e-13	0.2344
3:57698777	3	57698777	A	G	TSH	straight|straight|straight	-0.011096	0.0131711	-0.0177	-0.0187	-0.0049	0.0068	0.0028	0.0042	0.009172	2.477e-11	0.2507
7:100761494	7	100761494	A	G	甲减	straight|straight|straight	0.02429	0.0149265	-0.0446	-0.008	-0.0024	0.0068	0.0027	0.0041	4.335e-11	0.002554	0.551
4:40346054	4	40346054	C	A	TSH	straight|straight|straight	-0.009577	0.0093529	0.0253	0.0139	-0.0025	0.0052	0.0021	0.0032	1.394e-06	4.502e-11	0.4359
20:17885193	20	17885193	A	G	甲减	straight|straight|straight	0.001579	0.0104706	0.0359	0.0049	-0.0028	0.0055	0.0022	0.0034	5.599e-11	0.02985	0.4194
1:8492159	1	8492159	G	A	甲减	straight|straight|straight	-0.016385	0.009556	0.0361	-0.0113	0.0031	0.0055	0.0022	0.0043	6.198e-11	3.125e-07	0.4706
17:29611406	17	29611406	T	C	甲减	straight|straight|straight	-0.034686	0.0094245	-0.0338	0.0028	0.0046	0.0052	0.0021	0.0032	9.878e-11	0.1908	0.1506
9:107836985	9	107836985	G	A	甲减	straight|straight|straight	-0.004521	0.0131342	0.0458	0.006	-0.0068	0.0072	0.0031	0.0048	1.516e-10	0.05764	0.1571
1:206469763	1	206469763	A	G	甲减	straight|straight|straight	-0.003912	0.0120848	0.0421	0.0039	-0.0033	0.0066	0.0027	0.0041	1.67e-10	0.1469	0.4225
3:12538784	3	12538784	G	A	甲减	straight|straight|straight	-0.012865	0.0096092	0.0334	0.0019	-0.0034	0.0052	0.0021	0.0032	1.774e-10	0.3651	0.2861
19:19515960	19	19515960	T	C	TSH	straight|straight|straight	-0.004316	0.0129919	0.0072	-0.0179	0.0007	0.0075	0.0028	0.0043	0.336	2.152e-10	0.8753
22:39346401	22	39346401	A	G	甲减	straight|straight|straight	0.001083	0.0097135	-0.0336	-0.0048	0.0026	0.0053	0.0021	0.0032	2.259e-10	0.02288	0.4201
2:1457722	2	1457722	C	T	FT4	straight|straight|flip	-0.024262	0.009241	0.105	0.0476	0.0203	0.4494	0.2116	0.0032	0.8154	0.8221	3.123e-10
18:63126316	18	63126316	A	G	TSH	straight|straight|straight	0.038403	0.0180865	0.0147	0.0231	-0.0186	0.0099	0.0037	0.0055	0.1392	3.139e-10	0.0006984
12:42324211	12	42324211	A	G	甲减	straight|straight|straight	0.02429	0.0093203	-0.0333	-0.0044	0.0047	0.0053	0.0022	0.0033	3.191e-10	0.04298	0.1456
3:71431976	3	71431976	T	C	甲减	straight|straight|straight	0.022397	0.0114863	0.0425	0.0026	0.0021	0.0068	0.0028	0.0042	3.272e-10	0.35	0.6078
8:90781784	8	90781784	A	G	TSH	straight|straight|straight	0.002091	0.0093159	-0.0005	-0.0132	-0.0011	0.0052	0.0021	0.0032	0.922	3.984e-10	0.7406
11:86351555	11	86351555	T	C	甲减	straight|straight|straight	0.018406	0.0105271	-0.0349	-0.0167	0.0076	0.0056	0.0023	0.0035	4.888e-10	7.619e-13	0.02825
8:19273555	8	19273555	A	G	TSH	straight|straight|straight	-0.0122	0.0097635	-0.0125	-0.0131	0.0023	0.0053	0.0021	0.0032	0.01889	8.746e-10	0.4797
15:60775606	15	60775606	A	G	TSH	straight|straight|straight	0.026945	0.0092942	0.0106	0.013	-0.0075	0.0053	0.0021	0.0032	0.04293	8.841e-10	0.01976
1:243276745	1	243276745	G	A	TSH	straight|straight|straight	0.007159	0.0094006	-0.0012	0.0131	-0.0122	0.0053	0.0021	0.0032	0.8126	9.083e-10	0.0001418
14:96193336	14	96193336	A	G	TSH	straight|straight|straight	-0.019514	0.0095321	-0.0038	0.0129	0.0026	0.0052	0.0021	0.0032	0.467	1.058e-09	0.413
5:112114870	5	112114870	T	C	甲减	straight|straight|straight	0.013595	0.009947	0.0322	0.0002	-0.0052	0.0053	0.0022	0.0033	1.082e-09	0.9443	0.1107
15:40428587	15	40428587	T	C	TSH	straight|straight|straight	-0.009461	0.0095267	-0.0067	0.0131	-0.0003	0.0053	0.0022	0.0033	0.2032	1.096e-09	0.9262
7:151611481	7	151611481	A	G	TSH	straight|straight|straight	0.013772	0.0104391	0.0005	-0.0151	-0.001	0.0063	0.0025	0.0037	0.9314	1.245e-09	0.7909
14:75820718	14	75820718	A	G	TSH	straight|straight|straight	0.002396	0.0143291	0.0003	-0.0182	-0.0027	0.008	0.003	0.0045	0.9696	1.307e-09	0.5553
20:58706793	20	58706793	A	G	TSH	straight|straight|straight	-0.004729	0.0150037	0.0219	0.0207	0.0007	0.0087	0.0034	0.0052	0.01188	1.517e-09	0.8857
13:33375078	13	33375078	A	G	TSH	straight|straight|straight	0.008428	0.0121142	-0.015	-0.0156	-0.0007	0.0063	0.0026	0.0039	0.01706	1.678e-09	0.8656
21:31205873	21	31205873	A	G	甲减	straight|straight|straight	0.01951	0.0156229	0.0604	0.0031	0.0106	0.01	0.0041	0.0062	1.867e-09	0.4538	0.08739
9:86080158	9	86080158	C	T	TSH	straight|straight|straight	0.005653	0.0094626	0.005	-0.0129	0.0052	0.0054	0.0022	0.0033	0.3514	2.676e-09	0.1126
2:69586326	2	69586326	A	G	TSH	straight|straight|straight	-0.01049	0.0151362	-0.0004	-0.0184	0.004	0.0078	0.0031	0.0048	0.9638	2.698e-09	0.4009
6:148330782	6	148330782	A	G	甲减;TSH	straight|straight|straight	-0.027297	0.0248193	0.0674	0.031	0.0164	0.0114	0.0052	0.0077	3.108e-09	2.771e-09	0.03366
1:221439292	1	221439292	C	T	TSH	straight|straight|straight	-0.003497	0.0189556	0.0231	0.0249	-0.012	0.0118	0.0042	0.0063	0.04967	2.802e-09	0.05635
12:123517752	12	123517752	A	G	甲减	straight|straight|straight	-0.085471	0.0436619	0.1013	0.0113	-0.016	0.0171	0.0077	0.0124	2.852e-09	0.1425	0.1945
5:123389563	5	123389563	T	C	TSH	straight|straight|straight	-0.003351	0.0094973	-0.0928	-0.0343	0.0638	0.0449	0.0196	0.0334	0.03871	0.07933	0.05563
6:19389420	6	19389420	A	G	FT4	straight|straight|straight	0.011398	0.0128289	0.0142	-0.0046	-0.0276	0.0072	0.003	0.0047	0.04733	0.1349	3.475e-09
15:74843916	15	74843916	A	C	TSH	straight|straight|straight	0.009206	0.0102056	0.0009	-0.0139	-0.0009	0.0057	0.0023	0.0036	0.8774	3.504e-09	0.806
19:57298033	19	57298033	A	G	TSH	straight|straight|straight	0.009783	0.0095864	0.0268	0.0125	-0.0038	0.0052	0.0021	0.0032	2.967e-07	3.829e-09	0.2287
3:50263618	3	50263618	A	G	TSH	straight|straight|straight	-0.019857	0.0160813	0.0252	0.021	-0.0045	0.0083	0.0036	0.0055	0.002242	3.915e-09	0.4115
7:91843487	7	91843487	A	G	TSH	straight|straight|straight	-0.004146	0.0095864	-0.0112	-0.0128	0.0042	0.0055	0.0022	0.0033	0.03922	4.126e-09	0.2012
13:113982549	13	113982549	A	G	TSH	straight|straight|straight	-0.015218	0.0105782	0.0161	0.0129	0.0027	0.0054	0.0022	0.0034	0.003007	5.126e-09	0.4188
11:128590539	11	128590539	A	G	TSH	straight|straight|straight	-0.021211	0.0097124	-0.0148	-0.0127	0.0019	0.0053	0.0022	0.0033	0.005671	5.239e-09	0.5586
11:27484503	11	27484503	C	T	甲减	straight|straight|straight	-0.024371	0.0111528	-0.0359	-0.01	0.0107	0.0062	0.0025	0.0037	5.352e-09	4.764e-05	0.004075
9:3919548	9	3919548	A	G	TSH	straight|straight|straight	-0.029048	0.0357516	0.0006	-0.0016	-0.0364	0.0949	0.048	0.0681	0.9948	0.9738	0.5927
2:177235697	2	177235697	A	G	TSH	straight|straight|straight	0.021855	0.0148766	-0.02	-0.0211	-0.0003	0.0081	0.0037	0.0056	0.01431	7.147e-09	0.9519
10:22579193	10	22579193	A	G	TSH	straight|straight|straight	-0.017012	0.0159172	-0.0272	-0.0218	0.0086	0.0098	0.0038	0.0057	0.005413	7.313e-09	0.1309
6:12170924	6	12170924	T	C	TSH	straight|straight|straight	-0.016127	0.0104967	-0.0247	-0.0133	0.0003	0.0057	0.0023	0.0035	1.582e-05	8.513e-09	0.9276
14:36417491	14	36417491	G	A	TSH	straight|straight|straight	-0.005331	0.0101252	-0.0134	-0.0128	0.0138	0.0055	0.0022	0.0034	0.01606	8.731e-09	4.627e-05
20:2721611	20	2721611	A	G	TSH	straight|straight|straight	0.004929	0.0103501	-0.0119	-0.0143	0.0038	0.0061	0.0025	0.0038	0.05193	1.005e-08	0.3089
15:98513582	15	98513582	A	G	TSH	straight|straight|straight	-0.009387	0.0094289	-0.0047	0.0123	-0.0049	0.0054	0.0022	0.0032	0.3835	1.077e-08	0.1306
6:158927335	6	158927335	G	A	甲减	straight|straight|straight	0.003825	0.0095223	0.0302	0.0002	-0.0081	0.0053	0.0022	0.0033	1.13e-08	0.9186	0.01362
11:72785678	11	72785678	A	G	甲减	straight|straight|straight	-0.020232	0.0097048	-0.031	-0.0004	0.003	0.0055	0.0022	0.0033	1.364e-08	0.8456	0.3693
3:193825928	3	193825928	A	G	TSH	straight|straight|straight	-0.004555	0.0094908	0.0217	0.0122	-0.01	0.0054	0.0022	0.0033	5.243e-05	1.502e-08	0.002236
4:2915919	4	2915919	A	G	TSH	straight|straight|straight	-0.003574	0.0110627	-0.0166	0.0133	0.0033	0.0057	0.0024	0.0036	0.003585	1.69e-08	0.3586
1:179983079	1	179983079	T	C	TSH	straight|straight|straight	0.002096	0.0096472	-0.0038	0.0126	0.0007	0.0055	0.0022	0.0034	0.4939	1.786e-08	0.8264
20:33064603	20	33064603	A	G	甲减	straight|straight|straight	-0.014519	0.0308655	0.0692	0.0023	0.0047	0.0123	0.0059	0.0092	2.118e-08	0.7039	0.6043
10:50350181	10	50350181	A	G	甲减	straight|straight|straight	0.013499	0.0121142	-0.0379	-0.0031	0.0038	0.0068	0.0027	0.0041	2.281e-08	0.2436	0.3561
5:10583425	5	10583425	T	C	甲减	straight|straight|straight	0.011663	0.0092822	0.0293	0.002	0.0006	0.0053	0.0021	0.0032	2.305e-08	0.3584	0.8473
16:12606597	16	12606597	G	A	FT4	straight|straight|straight	0.025179	0.0136165	-0.0027	-0.0106	-0.0095	0.0078	0.0035	0.0053	0.7268	0.002199	0.07396
5:51499907	5	51499907	C	A	FT4	straight|straight|straight	-0.014852	0.0094452	0.0103	0.0025	-0.0181	0.0053	0.003	0.0033	0.0519	0.3939	2.58e-08
1:39941043	1	39941043	T	C	甲减	straight|straight|straight	0.008656	0.01147	0.0342	-0.0042	-0.0009	0.0062	0.0025	0.0037	2.756e-08	0.08812	0.806
1:173415688	1	173415688	A	G	甲减	straight|straight|straight	0.005104	0.0118611	0.0352	0.0005	-0.0032	0.0064	0.0027	0.0041	4.121e-08	0.8467	0.4343
1:101269957	1	101269957	A	G	甲减	straight|straight|straight	-0.009951	0.0092073	0.0288	0.0044	0.0067	0.0053	0.0021	0.0032	4.309e-08	0.03979	0.03566
13:74127599	13	74127599	G	T	甲减	straight|straight|straight	-0.015845	0.0103707	-0.0331	-0.0042	0.0013	0.0061	0.0024	0.0036	4.659e-08	0.08553	0.726
7:129795001	7	129795001	T	C	TSH	straight|straight|straight	-0.007452	0.0580485	0.062	0.0434	0.0069	0.0193	0.008	0.0132	0.001331	4.744e-08	0.6033
